Time,logger1,logger2,logger3,logger4,logger5,logger6,logger7,logger8,logger9,logger10,logger11,logger12,logger13,logger14,logger15,logger16,logger17,logger18,logger19,logger20
16-May-23,1244,731,940,330,33944,1204,616,4881,125,1004,574,735,4889,5044,22550,116442,21955,1296,4866,4058
17-May-23,2909,1727,1742,413,80876,1984,1051,8353,117,1557,819,995,7587,6151,36081,258892,27746,1734,6029,6107
18-May-23,3119,1806,1887,414,59651,1967,1361,9835,77,1653,820,943,13245,5458,36263,337609,25272,2050,6065,6183
19-May-23,2200,1362,1797,314,59010,1975,1375,10773,87,1638,988,944,10857,12462,36822,351898,20919,2165,6022,6195
20-May-23,1643,1326,1766,239,44222,1953,1302,10907,76,1570,1189,995,9271,36003,41080,246275,6314,2259,5861,6088
21-May-23,1361,1185,1821,245,25702,1919,1342,11226,59,1443,1066,1037,11459,40844,41044,154183,2886,2375,5924,6100
22-May-23,865,1086,1771,232,20577,1917,1339,10585,53,1315,986,1043,10592,43156,41468,99008,1455,2153,5932,6105
23-May-23,208,1043,1693,224,18936,1920,1344,9954,46,1276,957,1135,10258,38886,41430,91817,1013,1868,5803,6084
24-May-23,228,985,1653,225,17295,1940,1309,9651,23,1205,921,1337,10544,38238,44130,80611,843,1258,5772,5993
25-May-23,219,926,1654,209,18362,1975,1393,9041,38,1242,896,1500,10708,43796,47701,86853,752,1001,5836,6043
26-May-23,228,939,1648,179,16727,2008,1340,8456,22,1216,885,1580,10776,45890,50386,101774,679,1005,5825,5903
27-May-23,241,956,1671,156,14688,2012,1344,7797,30,1228,884,1621,10764,48312,49590,111104,667,900,5626,5859
28-May-23,248,944,1690,136,12782,2021,1351,7305,23,1245,881,1614,10752,42953,46958,110799,617,773,5611,5805
29-May-23,226,968,1668,160,12320,2020,1343,7043,19,1217,876,1588,10788,42141,48694,94391,666,666,5424,5797
30-May-23,290,982,1674,184,9090,1999,1378,6859,15,1205,872,1555,10752,47262,44436,69356,491,479,5575,5877
31-May-23,304,962,1660,163,6264,1916,1317,6316,5,1178,868,1545,11008,51230,45448,15345,598,421,5479,5840
1-Jun-23,300,926,1604,157,3510,1838,1352,5594,3,1187,868,1536,11073,58207,45220,1734,505,378,5699,5896
2-Jun-23,212,915,1617,141,846,1819,1275,4497,1,1146,868,1539,11341,57310,47317,774,497,290,5779,5933
3-Jun-23,167,856,1613,145,399,1793,1266,3486,3,1181,867,1534,11542,56381,47660,1331,469,349,5680,5944
4-Jun-23,142,846,1560,138,239,1785,1265,2614,1,1140,874,1514,11933,51838,46330,413,457,489,5715,5859
5-Jun-23,133,813,1564,128,201,1776,1302,2518,1,1138,861,1512,12036,49715,46826,939,515,555,5682,5776
6-Jun-23,118,800,1604,142,318,1836,1246,2454,1,1164,859,1513,11639,46394,44478,689,511,457,5676,5790
7-Jun-23,112,791,1613,111,325,1952,1225,2243,0,1164,849,1502,11243,45556,47054,571,491,425,5732,5763
8-Jun-23,120,771,1575,117,320,1936,1239,1998,2,1171,827,1477,10897,41958,43903,485,495,311,5666,5723
9-Jun-23,107,748,1602,116,294,1929,1170,1792,1,1167,813,1469,10830,38239,46494,592,574,216,5663,5721
10-Jun-23,111,740,1600,119,255,1916,1126,1444,1,1121,810,1449,10540,40497,42709,725,657,250,5640,5785
11-Jun-23,109,711,1557,113,221,1930,1133,1228,1,1137,805,1416,10399,35742,45791,497,693,178,5566,5663
12-Jun-23,80,690,1535,114,198,1902,1091,1001,1,1099,802,1378,10395,31712,53969,152,226,174,5535,5711
13-Jun-23,145,674,1554,115,215,1887,1067,822,2,1104,793,1345,10205,29184,54667,95,42,205,5419,5667
14-Jun-23,143,656,1530,104,192,1911,1037,693,1,1095,788,1292,10126,26700,53273,64,27,167,5420,5668
15-Jun-23,135,633,1516,109,204,1908,1013,609,2,1098,790,1236,10249,23476,56162,46,22,141,5412,5640
16-Jun-23,126,605,1471,93,192,1912,996,547,1,1079,793,1174,10097,21432,53865,37,19,191,5306,5704
17-Jun-23,121,595,1554,101,171,1901,955,612,1,1128,797,1135,9957,20161,51485,30,21,246,5216,5644
18-Jun-23,105,574,1537,71,181,1895,961,486,1,1118,798,1102,9745,17980,53490,34,19,283,5082,5653
19-Jun-23,112,556,1473,95,168,1889,918,474,0,1049,796,1127,9481,15421,57485,34,19,293,4971,5557
20-Jun-23,94,545,1469,68,157,1868,914,414,2,1070,794,1045,9332,14283,62060,37,22,198,4822,5468
21-Jun-23,90,542,1466,63,142,1858,888,350,3,1101,797,988,9201,14430,58133,38,27,161,4685,5457
22-Jun-23,83,569,1425,83,128,1867,877,358,0,1064,800,961,9311,12374,62839,28,15,142,4524,5330
23-Jun-23,83,552,1430,69,145,1855,825,341,2,1052,804,942,8211,11715,61574,25,16,76,4250,5242
24-Jun-23,83,555,1451,80,138,1842,784,321,0,1036,798,940,7088,9623,62480,26,15,104,4125,5220
25-Jun-23,79,541,1465,70,124,1830,798,287,1,1047,800,932,6950,8721,61996,40,21,103,3913,5163
26-Jun-23,55,503,1467,57,109,1819,748,268,3,1022,802,903,6775,8401,61578,44,22,68,3736,5089
27-Jun-23,64,488,1452,47,102,1808,741,223,0,1013,808,880,6815,8988,60185,47,23,47,3607,5021
28-Jun-23,58,474,1438,59,109,1800,759,235,3,1019,807,872,6736,8595,58268,36,21,63,3414,5008
29-Jun-23,64,463,1428,68,96,1790,706,236,4,1034,803,856,6608,8291,58297,38,21,59,3247,4977
30-Jun-23,69,465,1442,66,96,1814,653,227,1,1017,801,855,6493,7850,58479,45,22,85,3051,4918
1-Jul-23,69,450,1437,44,119,1817,802,212,1,1049,796,851,6849,6969,58473,41,23,118,3050,4858
2-Jul-23,54,438,1448,67,119,1823,787,214,2,1019,791,848,7228,5702,58021,40,22,178,2831,4805
3-Jul-23,64,436,1456,50,101,1825,806,173,1,998,786,844,6968,6361,53944,42,21,270,2829,4702
4-Jul-23,84,428,1414,50,79,1824,765,177,4,995,778,804,6749,6479,53305,42,22,234,2698,4672
5-Jul-23,85,412,1442,60,77,1839,744,162,3,973,773,776,6652,6770,50989,38,22,385,2703,4645
6-Jul-23,72,403,1436,68,94,1823,743,162,2,983,765,758,6602,6853,52415,36,20,697,2576,4623
7-Jul-23,88,399,1458,74,100,1821,721,143,0,957,759,728,6600,7378,50389,41,20,733,2526,4581
8-Jul-23,76,404,1443,66,108,1824,726,119,3,985,751,708,6736,7414,46992,43,22,745,2408,4561
9-Jul-23,47,398,1439,63,110,1804,698,115,0,1005,748,678,6753,6424,48171,36,22,607,2314,4577
10-Jul-23,88,393,1396,74,103,1791,726,108,4,992,742,665,6670,7091,47333,38,20,691,2346,4596
11-Jul-23,63,392,1424,70,95,1791,695,104,0,986,738,657,6496,7562,46519,33,20,931,2265,4545
12-Jul-23,58,386,1422,61,97,1791,689,117,1,985,734,639,6481,8419,45326,35,21,936,2184,4512
13-Jul-23,78,382,1404,53,117,1780,668,116,3,973,726,629,6551,8895,44090,40,20,962,2209,4534
14-Jul-23,72,387,1363,65,90,1773,621,113,2,975,723,624,6553,8505,43451,38,20,962,2185,4463
15-Jul-23,58,381,1334,61,84,1773,623,107,3,955,746,640,6432,7604,41723,34,22,1016,2087,4455
16-Jul-23,68,397,1335,57,43,1768,562,124,1,965,764,663,6016,5582,40101,31,22,1148,2139,4478
17-Jul-23,83,408,1342,48,42,1765,577,106,3,970,763,662,5822,6031,39386,39,20,1274,2146,4450
18-Jul-23,79,400,1349,53,56,1760,596,111,1,946,767,674,5682,7060,38061,39,19,1131,2160,4434
19-Jul-23,84,383,1333,47,50,1758,567,133,3,939,760,677,5532,8030,36796,35,21,938,2061,4383
20-Jul-23,58,386,1357,45,60,1745,560,130,2,977,762,690,5442,8897,35581,52,41,255,2030,4412
21-Jul-23,54,377,1385,56,52,1714,539,119,2,949,756,554,5477,9391,34094,43,21,194,1919,4362
22-Jul-23,66,389,1386,43,42,1693,524,124,2,946,758,434,5596,8414,33070,39,21,177,1873,4313
23-Jul-23,47,387,1336,45,51,1679,521,132,2,920,756,440,5483,6252,32989,38,21,148,1930,4342
24-Jul-23,77,392,1335,48,65,1688,544,123,1,900,754,466,5042,6099,33309,40,19,142,1827,4336
25-Jul-23,65,404,1386,40,57,1707,568,142,3,865,756,448,4739,7008,31896,38,20,121,1812,4328
26-Jul-23,94,399,1433,46,58,1712,559,137,5,908,757,443,4808,8433,30966,42,22,114,1770,4313
27-Jul-23,115,408,1377,44,49,1716,555,117,2,921,758,464,4958,8970,30275,44,20,104,1754,4285
28-Jul-23,98,396,1381,39,61,1717,504,128,2,880,755,440,4871,8253,30848,35,22,92,1684,4237
29-Jul-23,60,399,1394,31,107,1724,523,135,2,887,755,482,4616,7014,32278,39,22,329,1645,4145
30-Jul-23,66,404,1431,32,106,1736,513,130,3,893,754,522,4392,6336,33108,33,21,376,1613,4245
31-Jul-23,62,402,1430,33,93,1738,728,115,1,911,751,533,4316,7214,35439,38,19,384,1552,4272
1-Aug-23,58,389,1431,27,103,1747,837,106,2,876,746,584,4183,7541,35151,38,21,384,1484,4193
2-Aug-23,55,368,1438,34,110,1734,779,104,1,870,743,563,4070,8451,34213,31,20,372,1437,4211
3-Aug-23,58,385,1440,28,94,1725,800,102,1,879,740,585,4309,9058,33932,35,20,356,1353,4225
4-Aug-23,74,384,1452,23,103,1705,739,97,1,895,740,538,4637,8911,33933,37,21,355,1426,4195
5-Aug-23,90,384,1440,26,99,1729,766,93,1,897,733,542,4814,8327,32905,34,21,421,1291,4148
6-Aug-23,67,387,1465,30,111,1846,804,80,4,863,727,485,4814,7234,34351,36,21,453,1252,4138
7-Aug-23,60,371,1467,44,95,1861,816,93,1,853,726,483,4841,6340,33540,38,18,434,1192,4168
8-Aug-23,65,377,1470,37,109,1864,798,82,2,876,718,487,4808,7133,33376,37,23,340,1050,4137
9-Aug-23,79,378,1488,33,95,1864,783,77,1,869,715,460,5078,7835,32584,31,21,328,1079,4147
10-Aug-23,95,384,1442,45,103,1861,790,77,0,857,713,445,5263,8262,31723,31,21,378,967,4109
11-Aug-23,88,403,1408,37,97,1860,794,88,0,882,704,469,5208,7894,32090,30,20,374,825,4088
12-Aug-23,85,376,1423,26,104,1861,816,86,2,860,703,486,4923,7632,30468,27,22,448,728,3997
13-Aug-23,82,368,1428,37,90,1854,786,79,2,862,725,498,4637,7433,29177,38,20,389,667,4076
14-Aug-23,66,358,1458,38,91,1850,782,84,2,860,723,492,4370,5773,32677,31,20,365,638,4046
15-Aug-23,77,356,1500,26,106,1859,840,96,1,864,724,523,3951,5916,33735,29,20,372,464,4064
16-Aug-23,49,358,1531,28,98,1787,849,75,1,843,727,490,3942,7703,32353,30,21,345,355,3987
17-Aug-23,33,374,1518,20,94,1751,840,77,2,896,726,502,4151,8246,32709,34,20,355,304,3996
18-Aug-23,41,366,1498,28,81,1744,832,71,1,834,722,474,4162,8010,33682,32,21,340,238,3994
19-Aug-23,36,372,1525,32,106,1737,804,68,1,850,722,533,4029,7886,32547,31,23,245,220,3932
20-Aug-23,39,360,1534,28,89,1735,808,86,4,833,724,529,3927,7491,32280,37,22,157,319,3925
21-Aug-23,33,364,1533,18,81,1723,841,74,2,851,724,496,3904,6800,34376,29,20,159,281,3923
22-Aug-23,41,363,1558,18,99,1717,808,75,1,878,723,505,4465,6081,36777,32,21,171,232,3953
23-Aug-23,46,350,1532,13,94,1701,814,69,1,846,725,531,4014,6478,37523,34,20,177,217,4052
24-Aug-23,48,356,1555,28,100,1698,756,77,1,861,722,507,3762,6895,38456,49,29,243,201,4057
25-Aug-23,46,361,1545,14,109,1704,717,68,1,849,719,503,3864,7378,39635,33,21,267,171,4048
26-Aug-23,53,359,1550,27,91,1717,768,75,2,875,719,493,3947,7167,41028,36,21,265,161,3983
27-Aug-23,50,379,1560,25,110,1704,789,74,0,872,713,436,4235,6988,40748,39,21,284,141,4005
28-Aug-23,49,368,1543,27,89,1695,804,75,0,850,709,428,4561,5655,40513,39,21,250,127,3999
29-Aug-23,49,364,1543,15,96,1699,753,73,2,843,705,410,4440,5304,38378,33,22,228,112,3994
30-Aug-23,43,376,1551,11,99,1686,761,77,2,851,703,391,4317,6212,36619,35,21,285,105,3944
31-Aug-23,39,370,1517,17,110,1683,742,69,0,857,701,406,4339,6662,35952,34,22,296,96,3949
1-Sep-23,51,376,1499,8,102,1638,692,71,1,823,701,431,4118,7218,32685,32,21,300,73,3928
2-Sep-23,47,383,1574,15,79,1633,727,84,2,828,707,515,3832,7367,30845,34,23,316,56,3811
3-Sep-23,44,386,1627,16,108,1632,714,72,1,877,717,485,3878,6308,32329,33,25,321,40,3775
4-Sep-23,39,402,1625,10,94,1628,749,68,1,867,714,460,4167,5902,30307,38,23,345,30,3866
5-Sep-23,32,387,1556,10,86,1616,706,58,4,836,706,441,4378,4753,32707,27,21,359,29,3917
6-Sep-23,37,381,1574,7,88,1615,686,70,0,839,702,402,4053,4747,34395,37,21,361,25,3908
7-Sep-23,30,381,1616,12,102,1612,688,64,1,833,695,424,3935,5646,31888,39,21,370,22,3890
8-Sep-23,23,379,1605,6,112,1602,677,63,1,839,708,408,3857,5923,33117,32,21,375,19,3865
9-Sep-23,24,382,1607,13,87,1597,635,67,0,858,722,426,3441,5722,31410,33,22,374,11,3816
10-Sep-23,39,381,1626,10,95,1589,649,65,0,840,719,436,3230,5470,31491,30,20,398,11,3839
11-Sep-23,24,385,1657,12,71,1577,632,62,1,830,722,465,3102,5118,31544,26,23,389,5,3856
12-Sep-23,32,383,1625,12,84,1574,659,65,0,828,721,418,3149,4191,31652,30,21,403,4,3852
13-Sep-23,35,384,1667,10,74,1576,613,58,0,818,720,435,3121,4843,30641,33,23,383,2,3855
14-Sep-23,38,382,1642,1,92,1604,625,62,1,810,723,432,3299,5198,31562,31,21,388,2,3860
15-Sep-23,31,380,1622,259,77,1610,641,57,0,794,729,429,3382,5198,31754,32,21,399,0,3826
16-Sep-23,33,376,1638,391,71,1629,611,59,0,820,728,464,3248,5314,30882,27,23,406,0,3779
17-Sep-23,29,380,1687,382,75,1645,607,64,1,810,724,488,3109,5230,30405,38,22,395,0,3806
18-Sep-23,39,381,1702,382,64,1631,637,56,1,828,723,469,3241,5260,30037,34,23,408,0,3841
19-Sep-23,23,391,1695,381,75,1707,637,53,0,836,721,445,3683,4744,29496,36,22,404,0,3831
20-Sep-23,33,395,1678,366,68,1705,609,47,1,822,714,407,4228,4922,29270,33,20,384,0,3843
21-Sep-23,22,386,1644,348,63,1699,620,47,1,811,714,392,4386,4667,29748,30,22,376,0,3788
22-Sep-23,26,389,1662,357,74,1695,601,52,1,803,712,350,4416,5096,29063,34,24,314,0,3777
23-Sep-23,34,399,1684,359,81,1698,572,48,1,849,711,371,4656,6213,28414,35,25,162,0,3765
24-Sep-23,34,406,1648,346,79,1688,571,41,2,853,711,353,4990,7769,28211,35,23,166,0,3769
25-Sep-23,28,392,1587,329,67,1677,551,50,3,805,708,353,4923,6495,29122,35,19,179,0,3743
26-Sep-23,32,392,1648,320,75,1688,556,50,1,823,713,378,4526,5537,28172,36,24,175,0,3752
27-Sep-23,35,398,1637,324,68,1666,570,37,0,831,718,344,4570,6256,26983,34,24,174,6,3796
28-Sep-23,24,398,1623,320,84,1651,529,42,1,838,725,368,4627,6778,26936,39,23,154,0,3861
29-Sep-23,37,404,1597,310,86,1633,575,42,0,803,729,369,4647,7003,26690,36,24,132,0,3806
30-Sep-23,27,400,1588,307,77,1607,587,49,1,823,731,406,4520,7094,25950,41,24,141,0,3722
1-Oct-23,36,390,1581,291,82,1584,556,46,2,840,731,426,4403,7022,25656,38,24,141,0,3775
2-Oct-23,32,396,1585,300,91,1552,522,51,2,813,729,408,4446,6803,25227,40,22,130,0,3766
3-Oct-23,32,403,1600,307,86,1506,548,43,1,847,736,383,4629,6130,24992,42,23,127,0,3772
4-Oct-23,22,395,1580,311,66,1473,575,31,1,822,746,351,4801,6181,25016,50,39,138,0,3728
5-Oct-23,26,376,1522,285,81,1261,567,48,0,677,742,381,4816,6042,25492,38,23,116,0,3723
6-Oct-23,37,363,1547,271,68,830,542,51,2,666,756,457,4327,6273,24871,38,22,107,0,3691
7-Oct-23,16,347,1524,258,60,662,546,55,1,681,775,477,3791,6093,25220,36,24,101,0,3641
8-Oct-23,16,361,1576,282,72,680,587,52,2,728,783,456,3901,6599,24855,41,26,105,0,3673
9-Oct-23,11,385,1554,305,77,676,539,38,3,708,786,419,4750,6988,23647,37,23,101,0,3711
10-Oct-23,12,429,1520,301,81,678,524,48,2,707,788,393,5291,6008,24107,38,25,103,0,3741
11-Oct-23,12,438,1528,306,61,676,534,47,2,703,790,396,6004,6228,23882,31,21,105,0,3765
12-Oct-23,12,423,1465,305,69,676,526,44,1,703,785,411,6526,6174,24441,39,21,129,0,3772
13-Oct-23,15,402,1355,270,64,674,479,56,1,669,779,382,6550,5670,24387,33,22,139,0,3699
14-Oct-23,16,368,1340,250,70,669,497,54,1,667,783,487,5375,4613,24483,32,22,164,0,3701
15-Oct-23,13,348,1367,239,65,677,479,58,3,690,788,592,4607,4724,24060,34,22,134,0,3788
16-Oct-23,13,335,1390,242,71,666,453,44,3,703,790,648,4118,4770,24562,36,20,158,0,3844
17-Oct-23,14,343,1406,260,69,667,459,48,1,720,793,653,4563,5233,23742,30,21,157,0,3865
18-Oct-23,14,362,1398,273,68,660,483,47,2,698,796,602,5234,6001,23358,38,22,146,0,3883
19-Oct-23,13,355,1321,260,61,659,423,39,1,695,791,546,5469,6117,22944,30,20,161,0,3875
20-Oct-23,15,358,1363,262,89,654,401,44,3,682,795,532,5585,6186,22421,37,21,172,0,3855
21-Oct-23,19,367,1347,259,72,649,414,41,2,682,789,490,5915,6267,23740,34,23,163,0,3842
22-Oct-23,13,382,1359,262,78,643,435,50,2,674,788,472,6040,5935,23819,36,20,178,0,3826
23-Oct-23,10,368,1347,270,71,644,352,43,0,704,783,459,6104,5523,24657,32,21,186,0,3854
24-Oct-23,14,357,1319,264,79,635,358,40,1,679,782,446,6117,4755,24232,34,21,202,0,3840
25-Oct-23,12,360,1326,264,81,632,305,46,3,678,781,456,5965,3894,24581,32,20,211,0,3838
26-Oct-23,14,347,1310,254,70,622,316,45,0,676,778,461,5879,4297,24343,33,21,244,0,3811
27-Oct-23,15,334,1293,249,68,616,327,45,1,644,779,501,5538,4389,23977,41,20,254,0,3807
28-Oct-23,14,334,1364,255,91,630,308,47,1,644,778,539,5373,5310,23566,36,22,257,1,3812
29-Oct-23,11,331,1287,252,88,623,308,58,2,637,778,521,5552,5329,23805,36,23,249,0,3911
30-Oct-23,12,305,1238,221,73,619,304,49,0,592,786,577,4433,3236,25021,31,18,248,9,3988
31-Oct-23,11,305,1283,214,56,612,324,49,1,576,795,646,3555,2621,25057,30,19,237,25,4072
1-Nov-23,13,312,1370,223,61,609,324,49,0,624,808,715,3081,2666,24970,34,19,222,69,4120
2-Nov-23,11,306,1415,226,47,606,309,49,3,585,816,724,3854,4656,24266,32,19,211,106,4172
3-Nov-23,16,329,1415,211,55,600,325,42,1,610,813,707,4570,6143,23797,31,19,220,120,4168
4-Nov-23,12,336,1392,221,55,597,420,30,2,596,816,685,4968,6948,23746,35,18,204,128,4175
5-Nov-23,12,337,1364,219,57,600,428,40,2,582,815,672,5270,8247,23073,30,18,205,128,4175
6-Nov-23,11,359,1355,224,46,596,477,36,0,611,806,628,5830,8904,22661,34,20,186,107,4186
7-Nov-23,11,383,1326,226,42,591,486,49,1,593,806,576,6371,9085,22169,38,19,195,86,4164
8-Nov-23,11,399,1307,232,57,583,463,47,1,619,802,534,6739,7889,25762,38,21,191,78,4145
9-Nov-23,10,377,1247,221,49,590,456,39,1,591,798,516,6851,6020,27478,36,19,190,72,4117
10-Nov-23,14,353,1216,203,47,585,434,37,1,548,789,570,6260,5675,27329,32,19,177,75,4100
11-Nov-23,11,347,1239,203,40,590,426,33,2,560,794,650,5675,5789,28288,36,19,178,72,4089
12-Nov-23,16,335,1235,202,44,588,456,47,1,581,790,692,5371,6411,27966,35,18,131,68,4128
13-Nov-23,10,330,1250,200,43,590,433,36,2,570,791,726,5150,7353,27957,34,20,137,48,4123
14-Nov-23,13,340,1260,207,39,591,565,38,2,581,776,729,5391,7863,28347,41,19,143,134,4185
15-Nov-23,11,339,1234,212,41,584,652,43,0,593,769,706,5742,7376,27742,29,22,124,432,4325
16-Nov-23,10,353,1267,214,36,584,632,42,2,614,760,677,6047,8372,27721,31,18,115,821,4485
17-Nov-23,13,349,1221,206,42,587,652,32,0,643,745,594,6618,8637,28190,29,20,99,740,4527
18-Nov-23,9,367,1187,189,33,591,584,25,0,643,730,593,6460,7861,28099,30,20,110,753,4551
19-Nov-23,12,379,1262,210,44,592,620,25,1,716,733,566,6798,9458,27088,36,21,114,768,4561
20-Nov-23,9,377,1127,200,56,596,637,21,0,670,724,481,7606,9155,26642,40,20,104,720,4542
21-Nov-23,12,348,1023,170,32,600,575,22,2,589,705,549,6318,5231,27768,32,20,91,520,4533
22-Nov-23,14,357,1182,181,35,601,617,34,2,628,706,675,5454,4697,27242,33,21,92,669,4515
23-Nov-23,14,376,1186,184,39,603,617,30,0,667,701,628,6064,7813,27406,31,21,86,693,4524
24-Nov-23,10,367,1134,180,40,606,610,23,1,663,691,618,6076,8078,30035,36,20,82,519,4418
25-Nov-23,17,369,1211,185,21,610,598,35,0,676,688,661,6025,9037,29800,40,20,71,433,4410
26-Nov-23,18,354,1083,176,45,599,638,21,1,644,675,616,5973,8685,30283,26,18,68,399,4402
27-Nov-23,17,328,1119,161,40,603,586,31,1,603,665,688,4976,7107,30706,35,18,62,302,4343
28-Nov-23,16,311,1180,163,31,605,598,29,1,645,662,742,4509,7020,30132,38,19,67,253,4303
29-Nov-23,13,339,1276,186,29,606,596,31,1,642,663,733,6251,9043,29149,32,18,67,232,4348
30-Nov-23,11,380,1304,210,44,595,620,21,1,680,673,613,9644,11363,32220,36,20,94,220,4344
1-Dec-23,12,371,1174,182,35,591,617,20,1,655,665,565,6858,9891,33152,33,19,124,181,4310
2-Dec-23,9,366,1151,180,31,598,589,18,0,649,670,602,6220,9122,32848,34,18,118,131,4256
3-Dec-23,12,373,1153,171,37,592,583,19,0,662,677,671,5769,8482,32367,34,18,132,108,4226
4-Dec-23,15,362,1125,172,36,598,576,19,1,646,674,715,5449,7432,31980,30,18,145,108,4214
5-Dec-23,15,356,1128,168,46,596,551,27,2,613,672,785,4845,6149,31582,36,18,136,94,4182
6-Dec-23,18,328,1191,168,33,607,576,46,2,656,676,840,4191,5567,30796,76,46,136,80,4154
7-Dec-23,10,367,1309,192,33,608,586,44,0,758,688,845,4829,9878,29832,36,19,122,39,4147
8-Dec-23,14,384,1252,195,37,621,586,37,1,826,693,746,5714,11389,29356,33,19,126,37,4178
9-Dec-23,15,385,1083,167,34,1331,559,33,1,748,689,709,5953,10345,29044,37,18,126,39,4043
10-Dec-23,17,356,1149,155,34,2029,568,29,2,717,694,828,4310,8384,29777,34,19,115,42,4101
11-Dec-23,13,372,1194,165,19,2063,582,39,2,734,703,865,4307,11308,28919,39,17,108,24,4089
12-Dec-23,17,351,1145,157,27,2066,581,38,2,691,714,889,4001,9873,29054,30,18,104,24,4097
13-Dec-23,15,348,1169,155,17,2074,560,38,0,669,729,906,3484,8016,29087,35,18,91,17,4063
14-Dec-23,13,339,1231,159,30,2090,573,45,0,651,741,931,3342,8837,27978,29,18,90,12,4078
15-Dec-23,10,361,1204,172,21,2087,617,38,2,618,749,901,3992,11458,28284,30,18,88,11,3894
16-Dec-23,19,368,1192,166,27,2085,698,40,1,634,756,895,4058,10464,30834,37,19,106,6,3993
17-Dec-23,16,382,1212,176,27,2085,687,30,1,663,771,881,4445,11673,29998,37,19,89,4,4020
18-Dec-23,16,378,1126,165,21,2082,685,40,0,578,773,831,4601,10995,30644,32,18,90,2,3984
19-Dec-23,14,377,1183,162,24,2084,663,36,2,598,777,855,4352,11029,31780,38,18,81,1,3962
20-Dec-23,9,382,1173,164,29,2088,654,40,2,596,780,840,4645,11019,31311,30,18,81,0,3939
21-Dec-23,10,372,1165,159,31,2083,662,36,2,580,776,843,4645,9379,31462,35,18,76,0,3928
22-Dec-23,11,380,1188,165,29,2077,700,35,1,599,775,859,4836,9491,31700,32,17,84,0,3893
23-Dec-23,14,404,1240,179,27,2075,668,37,5,661,769,879,5528,11703,30991,35,17,96,1,3852
24-Dec-23,12,420,1181,187,30,2063,710,28,3,656,766,803,6560,11855,29540,35,18,102,0,3891
25-Dec-23,10,414,1077,163,23,2044,646,29,1,572,751,801,6307,10392,31240,36,17,98,3,3941
26-Dec-23,11,412,1180,165,29,2024,690,31,1,618,745,863,6360,10777,30586,31,19,97,13,3961
27-Dec-23,11,394,1142,167,28,2010,669,29,1,616,744,878,6933,10289,30401,38,18,114,25,4012
28-Dec-23,11,390,1130,162,33,1991,660,28,1,574,737,917,5200,8921,28530,32,18,99,34,4042
29-Dec-23,12,368,1130,160,28,1972,643,24,1,537,731,955,867,7950,28625,31,18,102,47,3967
30-Dec-23,10,381,1183,161,34,1959,640,28,0,553,731,942,523,10428,28235,34,17,89,61,3971
31-Dec-23,10,391,1186,168,27,1939,628,32,0,573,727,896,2153,11203,27216,35,19,86,65,4013
1-Jan-24,11,370,1086,155,29,1915,594,35,0,487,720,885,2644,10159,29079,40,19,62,86,4052
2-Jan-24,8,372,1195,163,21,1894,595,32,2,516,715,915,3498,11617,28956,35,17,61,62,4020
3-Jan-24,9,360,1121,157,25,1858,598,39,1,513,709,874,3529,11538,27591,33,20,51,68,4030
4-Jan-24,10,390,1154,237,25,1840,603,40,0,552,701,868,3966,11193,26875,36,17,59,147,4124
5-Jan-24,12,405,1124,372,20,1813,590,36,1,596,692,799,5105,10660,26011,39,75,70,269,4192
6-Jan-24,10,420,1033,439,25,1777,557,25,1,525,680,771,5187,10831,25675,68,215,120,486,4255
7-Jan-24,11,412,1097,443,25,1750,587,33,2,547,673,825,4690,10805,25906,68,167,165,717,4305
8-Jan-24,12,439,1160,490,27,1717,600,26,3,608,676,756,5448,11424,25613,67,45,135,1031,4429
9-Jan-24,11,413,1006,448,26,1679,542,27,0,505,661,692,5598,10298,25954,143767,332,136,3816,5636
10-Jan-24,12,422,1112,483,28,1648,559,20,3,806,661,708,5292,10497,27054,240703,578,96,4881,7609
11-Jan-24,12,444,1166,514,24,1611,570,25,2,1060,661,654,5995,10037,24116,228260,567,106,4927,7214
12-Jan-24,18,459,991,473,28,1573,571,33,3,1017,646,644,6201,17515,25203,87624,481,115,4850,6930
13-Jan-24,625,445,965,377,11,1287,442,19,2,935,535,611,5163,29195,23469,1020,20807,79,4138,5758
14-Jan-24,1078,553,1359,408,4,1516,501,29,1,1097,645,783,6365,38602,30630,204,4022,120,4885,6989
15-Jan-24,1198,543,1445,389,3,1487,479,35,1,996,652,812,6039,37561,31605,93,42,143,4774,7078
16-Jan-24,1230,544,1514,375,4,1464,491,35,3,951,658,877,4914,34493,33990,51,18,152,4861,7287
17-Jan-24,1434,589,1737,416,7,1454,512,45,8,1032,670,919,5165,34720,34503,95,66,165,4755,7216
18-Jan-24,1372,590,1568,424,5,1418,503,40,2,1084,666,858,6501,36141,34333,38,11,160,4755,6953
19-Jan-24,261,532,1422,371,3,1385,454,36,3,974,670,855,5597,35745,33675,29,10,149,4650,6910
20-Jan-24,97,510,1694,358,5,1368,475,43,4,996,745,965,3949,37092,33503,27,11,140,4577,6890
21-Jan-24,89,494,1763,372,5,1342,498,41,3,980,758,1018,4518,36453,32302,39,16,167,4482,6517
22-Jan-24,5821,1612,3442,666,6608,1346,505,51,3,1243,756,988,6437,35809,31640,54,28,151,4794,6187
23-Jan-24,16802,4442,10093,1072,62709,1332,899,567,196,2113,3379,894,110564,87472,41069,165103,70187,116,5181,6501
24-Jan-24,14830,5243,11010,1091,132227,1323,1521,2970,238,2356,8042,1014,200484,144133,43926,352367,86145,615,5401,6386
25-Jan-24,39339,49254,27826,1258,253487,1335,2270,13674,284,2553,16844,2424,224048,367482,49630,197607,66796,2078,5598,6436
26-Jan-24,47416,38381,19448,1078,160773,1409,2200,11493,285,2400,18146,3587,231519,461477,51193,158097,40597,3056,5602,6488
27-Jan-24,21549,2982,4553,674,68457,1399,1680,12859,286,2267,18020,3652,204546,445726,49900,163963,36516,3435,5678,6395
28-Jan-24,12842,1430,3645,386,69457,1408,1513,16189,235,2275,17502,3645,151048,433549,51004,165709,33211,3349,5575,6237
29-Jan-24,12128,1237,3300,380,59348,1408,1385,16295,220,2197,16245,3646,61005,456324,51597,169915,31650,3289,5620,6184
30-Jan-24,7743,1130,3128,369,59566,1455,1326,19354,204,2124,14340,3551,51984,425707,51233,169717,28945,2988,5664,6222
31-Jan-24,6784,1056,2975,326,57896,1499,1195,19589,191,2052,13555,3382,33896,433663,54241,170712,24071,2486,5690,6130
1-Feb-24,6548,991,2992,314,63838,1547,1169,18955,181,1992,11956,3324,69072,443812,52356,180907,20309,2017,5458,6110
2-Feb-24,6630,981,2842,320,72276,1571,1112,10845,172,1989,10015,3242,165433,425306,51531,199289,16107,1779,5402,6132
3-Feb-24,5827,936,2625,332,84783,1496,1103,5226,159,1907,8815,3016,182007,378680,52981,176148,13337,701,5476,6011
4-Feb-24,7506,1103,2901,332,86895,1355,1110,2979,82,1885,7803,2906,147766,401867,52265,194083,11874,660,5406,6278
5-Feb-24,7503,982,2935,283,93147,1355,1070,3009,57,1846,7038,2824,78025,389022,51715,191852,11384,563,5643,6653
6-Feb-24,6944,933,3071,287,97044,1368,1117,3353,51,1814,7215,2802,49053,435365,51012,129380,10426,440,5581,6639
7-Feb-24,6901,916,3068,303,91859,1370,1114,3016,51,1843,7589,2736,73255,392084,49476,76348,9500,324,5636,6552
8-Feb-24,6724,886,2806,282,90599,1366,1092,2339,33,1757,7319,2671,87355,416153,49268,7286,9630,92,5581,6608
9-Feb-24,6067,851,2851,294,90302,1363,1097,1812,39,1764,7040,2671,78685,406455,48990,428,3750,81,5642,6513
10-Feb-24,6777,834,2767,298,90151,1363,1082,2002,41,1722,6698,2640,51492,362599,47751,140,62,257,5662,6489
11-Feb-24,6660,818,2458,302,83362,1367,1061,1531,35,1663,6074,2582,42090,395775,47164,106,43,305,5551,6397
12-Feb-24,5099,887,2433,272,84672,1363,1012,1489,33,1629,5649,2489,69421,377360,46470,71,24,145,5592,6337
13-Feb-24,7371,893,2567,266,87344,1356,1000,1265,38,1628,5613,2524,114473,315827,45407,49,17,140,5735,6353
14-Feb-24,5474,839,2502,252,85508,1337,947,1398,34,1547,5422,2551,161114,313887,45094,43,25,123,5568,6428
15-Feb-24,5759,827,2497,266,83819,1331,995,1179,28,1522,5253,2553,191134,349221,48356,41,17,94,5790,6436
16-Feb-24,3650,823,2407,264,87475,1367,985,917,43,1512,5069,2655,210687,316564,49008,40,22,113,5751,6367
17-Feb-24,3905,770,2221,241,80432,1348,955,1115,24,1438,4837,2559,239465,307301,52245,29,15,111,5670,6212
18-Feb-24,3094,690,2574,246,27807,1269,1025,926,25,1505,4632,2585,260732,311093,50870,27,15,144,5651,6394
19-Feb-24,2442,705,2458,295,8141,2253,976,924,29,1480,4269,2606,282465,315492,50872,22,8,142,5544,6323
20-Feb-24,2103,669,2538,278,5167,2793,990,905,14,1465,3868,2600,252044,308153,51148,18,8,138,5376,6317
21-Feb-24,2084,676,2504,305,5066,2835,1016,670,26,1487,3579,2540,245146,315206,50260,22,8,125,5456,6294
22-Feb-24,1961,707,2298,328,5091,2831,991,1156,19,1478,3285,2461,148029,313109,50140,22,11,153,5373,6332
23-Feb-24,2106,659,2077,279,4995,2813,943,842,14,1414,2832,2367,67178,305061,48345,25,7,144,5411,6174
24-Feb-24,1489,538,2247,276,4401,2784,996,756,13,1472,2532,2324,39975,306584,48510,19,7,129,5450,6128
25-Feb-24,730,558,2282,293,4361,2754,955,732,7,1518,2387,2252,35932,305538,45968,19,9,135,5347,6094
26-Feb-24,837,612,2243,290,4580,2747,984,615,9,1490,2151,2215,35603,300576,45218,20,6,133,5178,6040
27-Feb-24,892,642,2165,281,4586,2709,971,809,5,1483,1998,2169,35219,293024,46771,20,8,148,5006,6012
28-Feb-24,882,622,1791,268,4370,2671,876,876,1,1375,1817,2069,47350,281217,47180,19,9,148,4922,5900
29-Feb-24,1031,468,2260,259,3577,2635,858,730,3,1398,1799,1864,57125,280566,44389,18,5,120,4598,5772
1-Mar-24,830,427,2217,239,2903,2585,852,676,5,1409,1759,1620,53806,273182,41092,19,8,129,4440,5678
2-Mar-24,1492,439,2170,251,3286,2560,858,2826,3,1431,1635,1543,50881,268120,39462,19,6,106,4168,5546
3-Mar-24,1441,455,2131,260,3635,2532,901,2773,6,1450,1517,1471,43568,249780,36894,19,5,116,4031,5543
4-Mar-24,1544,444,2059,258,3968,2488,884,1910,2,1440,1468,1350,43105,240489,35875,17,6,112,3749,5526
5-Mar-24,1560,459,1972,247,4359,2430,830,1198,2,1401,1442,1331,43078,243400,34241,22,6,115,3600,5357
6-Mar-24,1774,467,1937,215,3959,2374,827,1587,2,1380,1405,1236,45973,237539,32525,34,21,130,3512,5307
7-Mar-24,2251,459,2036,228,3843,2324,844,2379,1,1402,1372,1192,43235,226708,29995,45,17,117,3403,5235
8-Mar-24,3178,451,1804,224,3771,2272,796,1560,3,1406,1332,1131,43580,200975,30104,47,22,85,3471,5172
9-Mar-24,2227,446,1682,200,3189,2218,785,956,4,1380,1343,1082,56470,167915,29857,41,24,95,3416,5017
10-Mar-24,793,463,1822,185,1742,2163,761,1427,2,1380,1365,1098,59560,130412,31445,49,18,106,3391,4979
11-Mar-24,595,474,1880,190,1245,2095,725,2082,3,1360,1441,1087,56719,99052,27071,47,21,106,3223,4991
12-Mar-24,653,461,1957,191,1241,2049,736,1868,5,1388,1450,1045,49178,82634,25129,50,26,105,3214,4987
13-Mar-24,537,462,1949,188,1374,1999,767,1998,3,1427,1406,985,41751,69160,27402,56,29,112,3041,4992
14-Mar-24,1158,457,1748,193,2151,1944,754,1230,3,1375,1371,916,40835,62233,26796,58,27,103,3024,4986
15-Mar-24,2281,474,1669,186,2607,1890,693,1388,4,1361,1345,918,43815,58676,26937,50,28,95,2993,4914
16-Mar-24,1470,460,1859,166,2947,1856,742,1472,4,1352,1318,928,41850,54277,27856,47,28,74,2690,4887
17-Mar-24,2039,463,1706,162,2699,1820,809,2687,1,1296,1305,912,40519,49530,28627,50,22,73,2673,4867
18-Mar-24,1331,423,1581,154,1302,1757,764,1878,4,1231,1344,926,38925,51061,30510,46,19,81,2580,4781
19-Mar-24,1222,416,1902,152,984,1697,757,1108,4,1267,1394,934,25558,61203,32503,55,20,69,3033,4873
20-Mar-24,551,423,1923,160,999,1652,734,1260,3,1245,1413,924,24138,61195,31228,52,24,64,2938,4920
21-Mar-24,278,428,1922,216,965,1631,775,1492,14,1292,1437,919,23908,57298,29737,63,55,76,2809,4926
22-Mar-24,345,422,1706,217,912,1641,743,1077,1,1282,1456,906,22884,52869,29939,50,29,82,2698,4869
23-Mar-24,365,430,1783,210,948,1620,733,955,1,1275,1510,921,22354,51784,30070,57,24,72,2706,4839
24-Mar-24,515,424,2062,230,1450,1572,761,892,2,1288,1511,896,21218,47408,29443,56,28,68,2514,4843
25-Mar-24,747,415,1684,233,2321,1538,743,664,3,1300,1497,910,20217,42580,29219,54,24,63,2711,4797
26-Mar-24,1011,398,1553,223,1877,1494,719,683,2,1295,1549,935,20714,44402,30354,50,25,61,2548,4726
27-Mar-24,1031,417,1592,219,1918,1452,651,977,1,1218,1611,947,21188,47814,29433,54,22,68,2436,4623
28-Mar-24,880,397,1726,209,1610,1417,716,1422,1,1253,1672,957,20860,45717,28670,52,21,55,2361,4630
29-Mar-24,611,386,1839,231,1683,1349,710,1172,1,1226,1706,949,18043,42178,26848,54,20,61,2302,4690
30-Mar-24,533,395,1748,230,1680,1320,675,967,3,1292,1726,936,17757,41835,26044,48,22,45,2295,4764
31-Mar-24,564,398,1789,242,1760,1312,672,860,1,1207,1727,927,17224,43949,25780,56,23,55,2108,4792
1-Apr-24,591,402,1810,249,1981,1309,688,1042,3,1278,1716,913,16307,43859,24736,54,22,42,2123,4714
2-Apr-24,658,409,1486,214,1678,1279,658,1137,1,1240,1960,908,16719,41812,25848,44,19,50,2038,4692
3-Apr-24,769,411,1675,218,1321,1251,662,1102,0,1239,2474,929,16988,40750,25748,50,18,46,2011,4660
4-Apr-24,509,405,1681,224,1727,1603,646,1052,2,1236,2569,917,16719,41449,25199,47,24,41,2034,4668
5-Apr-24,399,401,1710,233,1427,1614,638,904,1,1223,2650,917,16612,43369,24757,53,22,36,1836,4627
6-Apr-24,402,400,1807,220,1631,1612,692,2122,1,1225,2627,910,16238,42158,23459,46,19,53,1781,4663
7-Apr-24,761,407,1667,240,1551,1604,640,1727,0,1226,2594,853,16087,38689,23504,51,18,42,1682,4586
8-Apr-24,655,397,1780,259,1530,1585,654,1340,1,1258,2543,760,15617,33408,23304,51,20,33,1593,4666
9-Apr-24,577,397,1811,252,1941,1567,645,1020,2,1242,2509,758,14772,32275,22551,51,18,34,1656,4574
10-Apr-24,542,397,1468,243,1526,1534,640,1047,1,1215,2563,788,15107,32465,23672,46,26,36,1607,4616
11-Apr-24,539,385,1516,223,923,1496,649,1041,1,1202,2650,748,14261,35248,24098,34,20,38,1486,4558
12-Apr-24,472,364,1634,232,757,1455,644,1222,1,1183,2750,745,12848,36344,23416,51,26,26,1391,4538
13-Apr-24,525,382,1854,239,758,1428,614,1179,1,1196,2766,762,12547,36796,23013,43,28,36,1358,4538
14-Apr-24,480,392,1867,262,784,1391,655,1487,1,1179,2735,757,12838,37691,22799,50,25,25,1294,4557
15-Apr-24,456,391,1873,250,755,1354,636,1352,1,1201,2668,737,13505,37853,22948,50,20,30,1281,4552
16-Apr-24,476,389,1674,251,659,1309,646,1088,2,1185,2611,714,14789,36984,23606,48,23,24,1226,4517
17-Apr-24,499,368,1671,245,597,1262,629,1017,4,1161,2575,683,15136,36552,23277,46,22,36,1144,4525
18-Apr-24,412,375,1635,252,598,1217,638,2868,3,1199,2533,644,15339,36684,23643,47,18,26,1075,4497
19-Apr-24,385,383,1596,246,581,1173,644,2566,1,1162,2501,643,13367,32922,23640,46,15,24,974,4465
20-Apr-24,472,384,1600,242,558,1173,629,1974,2,1161,2473,637,11284,26832,24564,44,25,26,913,4461
21-Apr-24,346,368,1537,338,477,1122,650,1676,0,1117,2451,638,8642,24898,33293,49,20,29,824,4423
22-Apr-24,260,375,1737,373,477,1081,647,1508,2,1173,2435,637,7929,31412,38705,45,19,29,651,4437
23-Apr-24,270,375,1748,390,492,1035,619,1632,1,1140,2370,622,8912,33314,41354,50,24,30,693,4439
24-Apr-24,279,379,1689,366,465,980,615,2391,0,1147,2303,565,8729,32268,41883,47,18,34,681,4419
25-Apr-24,292,393,1830,389,502,935,605,2305,1,1166,2228,525,8821,30399,44073,46,17,31,605,4412
26-Apr-24,363,394,1783,400,557,894,615,1585,1,1169,2113,463,9542,28663,44164,49,19,29,615,4398
27-Apr-24,417,421,1728,400,528,860,602,1450,3,1157,2020,404,9649,23979,43776,47,18,30,576,4405
28-Apr-24,359,441,1666,383,558,817,647,1543,0,1150,1931,381,9588,22134,42356,43,18,28,498,4404
29-Apr-24,350,436,1617,367,562,763,606,1770,2,1142,1851,344,9225,22504,42676,50,22,27,1546,4636
30-Apr-24,313,428,1687,372,594,720,636,2459,1,1131,1792,348,8810,22032,41175,48,18,27,3749,5235
1-May-24,341,416,1747,376,687,682,633,2427,1,1163,2063,335,8973,24006,41895,56,27,43,4876,5646
2-May-24,297,419,1649,378,1000,636,611,1844,0,1141,2396,290,9151,24702,44457,54,26,91,5221,5826
3-May-24,325,406,1591,330,1611,576,619,1796,1,1114,2583,272,8962,26589,44377,53,24,104,5133,5781
4-May-24,314,406,1688,348,1790,539,592,3118,1,1115,2561,276,8616,31841,44828,51,25,72,5077,5775
5-May-24,301,396,1628,422,1976,492,607,2076,2,1112,2520,279,8754,37023,43419,52,17,68,5008,5781
6-May-24,291,397,1735,458,2223,457,621,2060,0,1166,2499,282,9096,39042,44646,52,18,64,4785,5707
7-May-24,352,398,1672,438,2407,456,610,2018,0,1130,2449,245,9684,38177,46088,47,19,56,4595,5634
8-May-24,308,415,1642,443,2503,422,666,2642,3,1128,2386,225,10355,37026,45161,50,21,61,4200,5557
9-May-24,365,411,1569,450,2461,390,657,2267,2,1094,2334,201,10623,39066,46622,53,18,48,3996,5432
10-May-24,386,407,1534,435,2103,361,640,2336,4,1084,2306,236,9893,40278,47226,51,17,61,3765,5302
11-May-24,317,405,1721,537,1971,330,634,1848,3,1104,2314,293,9472,38197,45222,42,20,78,3685,5242
12-May-24,308,417,1783,546,1981,297,679,1573,3,1122,2290,279,9948,32935,47144,54,27,75,3477,5219
13-May-24,386,417,1658,534,1744,259,621,1423,4,1148,2238,220,10274,29968,46827,52,20,50,3219,5130
14-May-24,377,411,1628,528,1522,228,641,1328,3,1115,2189,208,9969,30628,48075,48,17,34,3112,5039
15-May-24,369,422,1708,523,1353,195,630,1167,1,1100,2148,227,9770,29941,47498,41,23,64,2959,5011
16-May-24,183,194,765,232,564,85,284,471,1,473,923,87,4353,12904,20702,25,8,25,1271,2204
