Time,Precip (mm),SoilVolumetricWaterContent10Cm___,logger1,logger2,logger3,logger4,logger5,logger6,logger7,logger8,logger9,logger10,logger11,logger12,logger13,logger14,logger15,logger16,logger17,logger18,logger19,logger20
1-Feb-23,,26.31076389,,,,,,,,,,,,,,,,,,,,
2-Feb-23,,24.95513889,,,,,,,,,,,,,,,,,,,,
3-Feb-23,,23.98694444,,,,,,,,,,,,,,,,,,,,
4-Feb-23,,23.72979167,,,,,,,,,,,,,,,,,,,,
5-Feb-23,,23.65013889,,,,,,,,,,,,,,,,,,,,
6-Feb-23,,23.76336806,,,,,,,,,,,,,,,,,,,,
7-Feb-23,,23.90229167,,,,,,,,,,,,,,,,,,,,
8-Feb-23,,26.12743056,,,,,,,,,,,,,,,,,,,,
9-Feb-23,,24.73798611,,,,,,,,,,,,,,,,,,,,
10-Feb-23,,24.22579861,,,,,,,,,,,,,,,,,,,,
11-Feb-23,,23.88732639,,,,,,,,,,,,,,,,,,,,
12-Feb-23,,23.73871528,,,,,,,,,,,,,,,,,,,,
13-Feb-23,,23.67180556,,,,,,,,,,,,,,,,,,,,
14-Feb-23,,23.80496528,,,,,,,,,,,,,,,,,,,,
15-Feb-23,,23.85635417,,,,,,,,,,,,,,,,,,,,
16-Feb-23,,23.88829861,,,,,,,,,,,,,,,,,,,,
17-Feb-23,,23.46413194,,,,,,,,,,,,,,,,,,,,
18-Feb-23,,23.29795139,,,,,,,,,,,,,,,,,,,,
19-Feb-23,,23.23586806,,,,,,,,,,,,,,,,,,,,
20-Feb-23,,23.48888889,,,,,,,,,,,,,,,,,,,,
21-Feb-23,,23.61663194,,,,,,,,,,,,,,,,,,,,
22-Feb-23,,23.63295139,,,,,,,,,,,,,,,,,,,,
23-Feb-23,,23.38397213,,,,,,,,,,,,,,,,,,,,
24-Feb-23,,23.01243056,,,,,,,,,,,,,,,,,,,,
25-Feb-23,,22.54347222,,,,,,,,,,,,,,,,,,,,
26-Feb-23,,22.25520833,,,,,,,,,,,,,,,,,,,,
27-Feb-23,,21.81486111,,,,,,,,,,,,,,,,,,,,
28-Feb-23,,20.515625,,,,,,,,,,,,,,,,,,,,
1-Mar-23,,19.46930556,,,,,,,,,,,,,,,,,,,,
2-Mar-23,,18.66326389,,,,,,,,,,,,,,,,,,,,
3-Mar-23,,17.75822917,,,,,,,,,,,,,,,,,,,,
4-Mar-23,,17.020625,,,,,,,,,,,,,,,,,,,,
5-Mar-23,,16.4384375,,,,,,,,,,,,,,,,,,,,
6-Mar-23,,15.99430556,,,,,,,,,,,,,,,,,,,,
7-Mar-23,,15.6559375,,,,,,,,,,,,,,,,,,,,
8-Mar-23,,15.3734375,,,,,,,,,,,,,,,,,,,,
9-Mar-23,,15.344375,,,,,,,,,,,,,,,,,,,,
10-Mar-23,,15.06600694,,,,,,,,,,,,,,,,,,,,
11-Mar-23,,14.74100694,,,,,,,,,,,,,,,,,,,,
12-Mar-23,,14.42559028,,,,,,,,,,,,,,,,,,,,
13-Mar-23,,13.95315972,,,,,,,,,,,,,,,,,,,,
14-Mar-23,,13.50114583,,,,,,,,,,,,,,,,,,,,
15-Mar-23,,13.20416667,,,,,,,,,,,,,,,,,,,,
16-Mar-23,,13.09420139,,,,,,,,,,,,,,,,,,,,
17-Mar-23,,12.73975694,,,,,,,,,,,,,,,,,,,,
18-Mar-23,,12.24045139,,,,,,,,,,,,,,,,,,,,
19-Mar-23,,12.15555556,,,,,,,,,,,,,,,,,,,,
20-Mar-23,,12.34798611,,,,,,,,,,,,,,,,,,,,
21-Mar-23,,12.0578125,,,,,,,,,,,,,,,,,,,,
22-Mar-23,,12.24114583,,,,,,,,,,,,,,,,,,,,
23-Mar-23,,12.58784722,,,,,,,,,,,,,,,,,,,,
24-Mar-23,,12.81809028,,,,,,,,,,,,,,,,,,,,
25-Mar-23,,12.99767361,,,,,,,,,,,,,,,,,,,,
26-Mar-23,,13.05795139,,,,,,,,,,,,,,,,,,,,
27-Mar-23,,13.15059028,,,,,,,,,,,,,,,,,,,,
28-Mar-23,,13.09347222,,,,,,,,,,,,,,,,,,,,
29-Mar-23,,12.685625,,,,,,,,,,,,,,,,,,,,
30-Mar-23,,12.38710801,,,,,,,,,,,,,,,,,,,,
31-Mar-23,,12.33930556,,,,,,,,,,,,,,,,,,,,
1-Apr-23,0,12.39138889,,,,,,,,,,,,,,,,,,,,
2-Apr-23,0,12.29475694,,,,,,,,,,,,,,,,,,,,
3-Apr-23,0,12.23982639,,,,,,,,,,,,,,,,,,,,
4-Apr-23,0,12.218125,,,,,,,,,,,,,,,,,,,,
5-Apr-23,0,12.08534722,,,,,,,,,,,,,,,,,,,,
6-Apr-23,23.622,11.63392361,,,,,,,,,,,,,,,,,,,,
7-Apr-23,11.176,18.76583333,,,,,,,,,,,,,,,,,,,,
8-Apr-23,1.524,23.8909375,,,,,,,,,,,,,,,,,,,,
9-Apr-23,0.762,23.30368056,,,,,,,,,,,,,,,,,,,,
10-Apr-23,0.762,23.05819444,,,,,,,,,,,,,,,,,,,,
11-Apr-23,0.254,22.87364583,,,,,,,,,,,,,,,,,,,,
12-Apr-23,0.254,22.73659722,,,,,,,,,,,,,,,,,,,,
13-Apr-23,0,22.46737828,,,,,,,,,,,,,,,,,,,,
14-Apr-23,0,22.19305556,,,,,,,,,,,,,,,,,,,,
15-Apr-23,2.794,22.00201389,,,,,,,,,,,,,,,,,,,,
16-Apr-23,0,21.70850694,,,,,,,,,,,,,,,,,,,,
17-Apr-23,0,20.2546875,,,,,,,,,,,,,,,,,,,,
18-Apr-23,0.508,18.99194444,,,,,,,,,,,,,,,,,,,,
19-Apr-23,0.254,18.37225694,,,,,,,,,,,,,,,,,,,,
20-Apr-23,0,17.81229167,,,,,,,,,,,,,,,,,,,,
21-Apr-23,16.256,24.26843972,,,,,,,,,,,,,,,,,,,,
22-Apr-23,0.762,25.31815972,,,,,,,,,,,,,,,,,,,,
23-Apr-23,0.254,24.83125,,,,,,,,,,,,,,,,,,,,
24-Apr-23,0.254,24.39340278,,,,,,,,,,,,,,,,,,,,
25-Apr-23,0.254,24.48315972,,,,,,,,,,,,,,,,,,,,
26-Apr-23,0.254,24.41767361,,,,,,,,,,,,,,,,,,,,
27-Apr-23,0,23.98885417,,,,,,,,,,,,,,,,,,,,
28-Apr-23,0,23.73871528,,,,,,,,,,,,,,,,,,,,
29-Apr-23,0,22.91180556,,,,,,,,,,,,,,,,,,,,
30-Apr-23,0,22.59645833,,,,,,,,,,,,,,,,,,,,
1-May-23,0,21.76430556,,,,,,,,,,,,,,,,,,,,
2-May-23,0,20.84045139,,,,,,,,,,,,,,,,,,,,
3-May-23,0,19.99041667,,,,,,,,,,,,,,,,,,,,
4-May-23,0,18.9855,,,,,,,,,,,,,,,,,,,,
5-May-23,0,18.03944444,,,,,,,,,,,,,,,,,,,,
6-May-23,0,17.0225,,,,,,,,,,,,,,,,,,,,
7-May-23,0.508,16.42583333,,,,,,,,,,,,,,,,,,,,
8-May-23,0,15.93854167,,,,,,,,,,,,,,,,,,,,
9-May-23,3.556,15.41215278,,,,,,,,,,,,,,,,,,,,
10-May-23,1.524,14.66715278,,,,,,,,,,,,,,,,,,,,
11-May-23,0.254,14.94638889,,,,,,,,,,,,,,,,,,,,
12-May-23,0.254,15.18086806,,,,,,,,,,,,,,,,,,,,
13-May-23,0.254,25.79725694,,,,,,,,,,,,,,,,,,,,
14-May-23,1.016,27.17989583,,,,,,,,,,,,,,,,,,,,
15-May-23,0.762,27.38065972,,,,,,,,,,,,,,,,,,,,
16-May-23,21.844,27.99090278,178.2652,104.7523,134.702,47.289,4864.1752,172.5332,88.2728,699.4473,17.9125,143.8732,82.2542,105.3255,700.5937,722.8052,3231.415,16686.1386,3146.1515,185.7168,697.2978,581.5114
17-May-23,2.032,29.27138889,416.8597,247.4791,249.6286,59.1829,11589.5308,284.3072,150.6083,1196.9849,16.7661,223.1181,117.3627,142.5835,1087.2171,881.4383,5170.4073,37099.2236,3976.0018,248.4822,863.9557,875.1331
18-May-23,0,27.29236111,446.9527,258.7998,270.4071,59.3262,8547.9883,281.8711,195.0313,1409.3555,11.0341,236.8749,117.506,135.1319,1898.0085,782.1314,5196.4879,48379.3697,3621.4776,293.765,869.1145,886.0239
19-May-23,0,26.929375,315.26,195.1746,257.5101,44.9962,8456.133,283.0175,197.0375,1543.7709,12.4671,234.7254,141.5804,135.2752,1555.8081,1785.8046,5276.5926,50426.9834,2997.6927,310.2445,862.9526,887.7435
20-May-23,5.842,26.66992883,235.4419,190.0158,253.0678,34.2487,6337.0126,279.8649,186.5766,1562.9731,10.8908,224.981,170.3837,142.5835,1328.5343,5159.2299,5886.764,35291.2075,904.7962,323.7147,839.8813,872.4104
21-May-23,10.414,27.1634375,195.0313,169.8105,260.9493,35.1085,3683.0966,274.9927,192.3086,1608.6858,8.4547,206.7819,152.7578,148.6021,1642.0747,5852.9452,5881.6052,22094.4239,413.5638,340.3375,848.9092,874.13
22-May-23,0,27.44954064,123.9545,155.6238,253.7843,33.2456,2948.6841,274.7061,191.8787,1516.8305,7.5949,188.4395,141.2938,149.4619,1517.8336,6184.2548,5942.3644,14187.8464,208.5015,308.5249,850.0556,874.8465
23-May-23,0,26.76885417,29.8064,149.4619,242.6069,32.0992,2713.5288,275.136,192.5952,1426.4082,6.5918,182.8508,137.1381,162.6455,1469.9714,5572.3638,5936.919,13157.3761,145.1629,267.6844,831.5699,871.8372
24-May-23,13.716,27.80760417,32.6724,141.1505,236.8749,32.2425,2478.3735,278.002,187.5797,1382.9883,3.2959,172.6765,131.9793,191.5921,1510.9552,5479.5054,6323.829,11551.5563,120.8019,180.2714,827.1276,858.7969
25-May-23,0,27.16090278,31.3827,132.6958,237.0182,29.9497,2631.2746,283.0175,199.6169,1295.5753,5.4454,177.9786,128.3968,214.95,1534.4564,6275.9668,6835.5533,12446.0349,107.7616,143.4433,836.2988,865.9619
26-May-23,0,26.72116788,32.6724,134.5587,236.1584,25.6507,2396.9791,287.7464,192.022,1211.7448,3.1526,174.2528,126.8205,226.414,1544.2008,6576.037,7220.3138,14584.2142,97.3007,144.0165,834.7225,845.8999
27-May-23,0,26.38505338,34.5353,136.9948,239.4543,22.3548,2104.7904,288.3196,192.5952,1117.3101,4.299,175.9724,126.6772,232.2893,1542.4812,6923.1096,7106.247,15921.2032,95.5811,128.97,806.2058,839.5947
28-May-23,0,26.06638596,35.5384,135.2752,242.177,19.4888,1831.6606,289.6093,193.5983,1046.8065,3.2959,178.4085,126.2473,231.2862,1540.7616,6155.1649,6729.0814,15877.4967,88.4161,110.7709,804.0563,831.8565
29-May-23,1.778,25.68173611,32.3858,138.7144,239.0244,22.928,1765.456,289.466,192.4519,1009.2619,2.7227,174.3961,125.5308,227.5604,1545.9204,6038.8053,6977.8502,13526.2303,95.4378,95.4378,777.2592,830.7101
30-May-23,0.762,24.89684028,41.557,140.7206,239.8842,26.3672,1302.597,286.4567,197.4674,982.8947,2.1495,172.6765,124.9576,222.8315,1540.7616,6772.6446,6367.6788,9938.7148,70.3603,68.6407,798.8975,842.1741
31-May-23,0,24.23149306,43.5632,137.8546,237.878,23.3579,897.6312,274.5628,188.7261,905.0828,0.7165,168.8074,124.3844,221.3985,1577.4464,7341.259,6512.6984,2198.9385,85.6934,60.3293,785.1407,836.872
1-Jun-23,0,22.98361111,42.99,132.6958,229.8532,22.4981,502.983,263.3854,193.7416,801.6202,0.4299,170.0971,124.3844,220.1088,1586.7609,8341.0631,6480.026,248.4822,72.3665,54.1674,816.6667,844.8968
2-Jun-23,0,21.30138889,30.3796,131.1195,231.7161,20.2053,121.2318,260.6627,182.7075,644.4201,0.1433,164.2218,124.3844,220.5387,1625.1653,8212.523,6780.5261,110.9142,71.2201,41.557,828.1307,850.1989
3-Jun-23,13.208,19.42788194,23.9311,122.6648,231.1429,20.7785,57.1767,256.9369,181.4178,499.5438,0.4299,169.2373,124.2411,219.8222,1653.9686,8079.3973,6829.678,190.7323,67.2077,50.0117,813.944,851.7752
4-Jun-23,3.556,18.79992982,20.3486,121.2318,223.548,19.7754,34.2487,255.7905,181.2745,374.5862,0.1433,163.362,125.2442,216.9562,1709.9989,7428.3854,6639.089,59.1829,65.4881,70.0737,818.9595,839.5947
5-Jun-23,5.334,17.99903915,19.0589,116.5029,224.1212,18.3424,28.8033,254.5008,186.5766,360.8294,0.1433,163.0754,123.3813,216.6696,1724.7588,7124.1595,6710.1658,134.5587,73.7995,79.5315,814.2306,827.7008
6-Jun-23,2.032,17.80342756,16.9094,114.64,229.8532,20.3486,45.5694,263.0988,178.5518,351.6582,0.1433,166.8012,123.0947,216.8129,1667.8687,6648.2602,6373.6974,98.7337,73.2263,65.4881,813.3708,829.707
7-Jun-23,0,17.5439576,16.0496,113.3503,231.1429,15.9063,46.5725,279.7216,175.5425,321.4219,0,166.8012,121.6617,215.2366,1611.1219,6528.1748,6742.8382,81.8243,70.3603,60.9025,821.3956,825.8379
8-Jun-23,13.462,18.58572917,17.196,110.4843,225.6975,16.7661,45.856,277.4288,177.5487,286.3134,0.2866,167.8043,118.5091,211.6541,1561.5401,6012.5814,6291.2999,69.5005,70.9335,44.5663,811.9378,820.1059
9-Jun-23,0,24.06663194,15.3331,107.1884,229.5666,16.6228,42.1302,276.4257,167.661,256.7936,0.1433,167.2311,116.5029,210.5077,1551.939,5479.6487,6662.5902,84.8336,82.2542,30.9528,811.5079,819.8193
10-Jun-23,0,22.67784722,15.9063,106.042,229.28,17.0527,36.5415,274.5628,161.3558,206.9252,0.1433,160.6393,116.073,207.6417,1510.382,5803.2201,6120.1997,103.8925,94.1481,35.825,808.212,828.9905
11-Jun-23,0,20.79320144,15.6197,101.8863,223.1181,16.1929,31.6693,276.569,162.3589,175.9724,0.1433,162.9321,115.3565,202.9128,1490.1767,5121.8286,6561.8503,71.2201,99.3069,25.5074,797.6078,811.5079
12-Jun-23,0,19.12944444,11.464,98.877,219.9655,16.3362,28.3734,272.5566,156.3403,143.4433,0.1433,157.4867,114.9266,197.4674,1489.6035,4544.3296,7733.7577,21.7816,32.3858,24.9342,793.1655,818.3863
13-Jun-23,0,17.80965278,20.7785,96.5842,222.6882,16.4795,30.8095,270.4071,152.9011,117.7926,0.2866,158.2032,113.6369,192.7385,1462.3765,4182.0672,7833.7811,13.6135,6.0186,29.3765,776.5427,812.0811
14-Jun-23,0,16.81666667,20.4919,94.0048,219.249,14.9032,27.5136,273.8463,148.6021,99.3069,0.1433,156.9135,112.9204,185.1436,1451.0558,3826.11,7634.0209,9.1712,3.8691,23.9311,776.686,812.2244
15-Jun-23,0,16.10989583,19.3455,90.7089,217.2428,15.6197,29.2332,273.4164,145.1629,87.2697,0.2866,157.3434,113.207,177.1188,1468.6817,3364.1108,8048.0146,6.5918,3.1526,20.2053,775.5396,808.212
16-Jun-23,0,15.51618056,18.0558,86.6965,210.7943,13.3269,27.5136,273.9896,142.7268,78.3851,0.1433,154.6207,113.6369,168.2342,1446.9001,3071.2056,7718.8545,5.3021,2.7227,27.3703,760.3498,817.3832
17-Jun-23,0,15.05475694,17.3393,85.2635,222.6882,14.4733,24.5043,272.4133,136.8515,87.6996,0.1433,161.6424,114.2101,162.6455,1426.8381,2889.0713,7377.8005,4.299,3.0093,35.2518,747.4528,808.7852
18-Jun-23,0,14.6575,15.0465,82.2542,220.2521,10.1743,25.9373,271.5535,137.7113,69.6438,0.1433,160.2094,114.3534,157.9166,1396.4585,2576.534,7665.117,4.8722,2.7227,40.5539,728.2506,810.0749
19-Jun-23,0,14.36013889,16.0496,79.6748,211.0809,13.6135,24.0744,270.6937,131.5494,67.9242,0,150.3217,114.0668,161.4991,1358.6273,2209.8293,8237.6005,4.8722,2.7227,41.9869,712.3443,796.3181
20-Jun-23,0,14.07243056,13.4702,78.0985,210.5077,9.7444,22.4981,267.6844,130.9762,59.3262,0.2866,153.331,113.7802,149.7485,1337.2756,2046.7539,8893.198,5.3021,3.1526,28.3734,690.9926,783.5644
21-Jun-23,0,13.93340278,12.897,77.6686,210.0778,9.0279,20.3486,266.2514,127.2504,50.155,0.4299,157.7733,114.2101,141.5804,1318.5033,2067.819,8330.4589,5.4454,3.8691,23.0713,671.3605,781.9881
22-Jun-23,2.794,13.39868056,11.8939,81.5377,204.2025,11.8939,18.3424,267.5411,125.6741,51.3014,0,152.4712,114.64,137.7113,1334.2663,1773.1942,9004.8287,4.0124,2.1495,20.3486,648.2892,763.789
23-Jun-23,0,13.10590278,11.8939,79.1016,204.919,9.8877,20.7785,265.8215,118.2225,48.8653,0.2866,150.7516,115.2132,134.9886,1176.6363,1678.7595,8823.5542,3.5825,2.2928,10.8908,609.025,751.1786
24-Jun-23,0,13.31538194,11.8939,79.5315,207.9283,11.464,19.7754,263.9586,112.3472,45.9993,0,148.4588,114.3534,134.702,1015.7104,1378.9759,8953.384,3.7258,2.1495,14.9032,591.1125,748.026
25-Jun-23,0,13.21336806,11.3207,77.5253,209.9345,10.031,17.7692,262.239,114.3534,41.1271,0.1433,150.0351,114.64,133.5556,995.935,1249.7193,8884.0268,5.732,3.0093,14.7599,560.7329,739.8579
26-Jun-23,0,13.14201389,7.8815,72.0799,210.2211,8.1681,15.6197,260.6627,107.1884,38.4044,0.4299,146.4526,114.9266,129.3999,970.8575,1203.8633,8824.1274,6.3052,3.1526,9.7444,535.3688,729.2537
27-Jun-23,0,13.0740625,9.1712,69.9304,208.0716,6.7351,14.6166,259.0864,106.1853,31.9559,0,145.1629,115.7864,126.104,976.5895,1287.9804,8624.5105,6.7351,3.2959,6.7351,516.8831,719.5093
28-Jun-23,0,12.92604167,8.3114,67.9242,206.0654,8.4547,15.6197,257.94,108.7647,33.6755,0.4299,146.0227,115.6431,124.9576,965.2688,1231.6635,8349.8044,5.1588,3.0093,9.0279,489.2262,717.6464
29-Jun-23,0,12.75604167,9.1712,66.3479,204.6324,9.7444,13.7568,256.507,101.1698,33.8188,0.5732,148.1722,115.0699,122.6648,946.9264,1188.1003,8353.9601,5.4454,3.0093,8.4547,465.2951,713.2041
30-Jun-23,0,12.55079861,9.8877,66.6345,206.6386,9.4578,13.7568,259.9462,93.5749,32.5291,0.1433,145.7361,114.7833,122.5215,930.4469,1124.905,8380.0407,6.4485,3.1526,12.1805,437.2083,704.7494
1-Jul-23,0,12.32892361,9.8877,64.485,205.9221,6.3052,17.0527,260.3761,114.9266,30.3796,0.1433,150.3217,114.0668,121.9483,981.4617,998.6577,8379.1809,5.8753,3.2959,16.9094,437.065,696.1514
2-Jul-23,0,12.17486111,7.7382,62.7654,207.4984,9.6011,17.0527,261.2359,112.7771,30.6662,0.2866,146.0227,113.3503,121.5184,1035.7724,817.0966,8314.4093,5.732,3.1526,25.5074,405.6823,688.5565
3-Jul-23,0,12.04791667,9.1712,62.4788,208.6448,7.165,14.4733,261.5225,115.4998,24.7909,0.1433,143.0134,112.6338,120.9452,998.5144,911.5313,7730.1752,6.0186,3.0093,38.691,405.3957,673.7966
4-Jul-23,0,11.90972222,12.0372,61.3324,202.6262,7.165,11.3207,261.3792,109.6245,25.3641,0.5732,142.5835,111.4874,115.2132,967.1317,928.4407,7638.6065,6.0186,3.1526,33.5322,386.6234,669.4976
5-Jul-23,0,11.84548611,12.1805,59.0396,206.6386,8.598,11.0341,263.5287,106.6152,23.2146,0.4299,139.4309,110.7709,111.2008,953.2316,970.141,7306.7237,5.4454,3.1526,55.1705,387.3399,665.6285
6-Jul-23,0.762,11.73263889,10.3176,57.7499,205.7788,9.7444,13.4702,261.2359,106.4719,23.2146,0.2866,140.8639,109.6245,108.6214,946.0666,982.0349,7511.0695,5.1588,2.866,99.8801,369.1408,662.4759
7-Jul-23,0,11.5840625,12.6104,57.1767,208.9314,10.6042,14.33,260.9493,103.3193,20.4919,0,137.1381,108.7647,104.3224,945.78,1057.2674,7220.7437,5.8753,2.866,105.0389,361.9758,656.4573
8-Jul-23,0,11.52166667,10.8908,57.8932,206.7819,9.4578,15.4764,261.3792,104.0358,17.0527,0.4299,141.1505,107.6183,101.4564,965.2688,1062.4262,6733.9536,6.1619,3.1526,106.7585,345.0664,653.5913
9-Jul-23,0,11.70697917,6.7351,57.0334,206.2087,9.0279,15.763,258.5132,100.0234,16.4795,0,144.0165,107.1884,97.1574,967.7049,920.5592,6902.9043,5.1588,3.1526,86.9831,331.5962,655.8841
10-Jul-23,0,11.83680556,12.6104,56.3169,200.0468,10.6042,14.7599,256.6503,104.0358,15.4764,0.5732,142.1536,106.3286,95.2945,955.811,1016.1403,6782.8189,5.4454,2.866,99.0203,336.1818,658.6068
11-Jul-23,0,11.88645833,9.0279,56.1736,204.0592,10.031,13.6135,256.6503,99.5935,14.9032,0,141.2938,105.7554,94.1481,930.8768,1083.6346,6666.1727,4.7289,2.866,133.4123,324.5745,651.2985
12-Jul-23,0,11.87017361,8.3114,55.3138,203.7726,8.7413,13.9001,256.6503,98.7337,16.7661,0.1433,141.1505,105.1822,91.5687,928.7273,1206.4427,6495.2158,5.0155,3.0093,134.1288,312.9672,646.5696
13-Jul-23,0,11.87034722,11.1774,54.7406,201.1932,7.5949,16.7661,255.074,95.7244,16.6228,0.4299,139.4309,104.0358,90.1357,938.7583,1274.6535,6318.097,5.732,2.866,137.8546,316.5497,649.7222
14-Jul-23,0,11.83243056,10.3176,55.4571,195.3179,9.3145,12.897,254.0709,88.9893,16.1929,0.2866,139.7175,103.6059,89.4192,939.0449,1218.7665,6226.5283,5.4454,2.866,137.8546,313.1105,639.5479
15-Jul-23,0,11.78329861,8.3114,54.5973,191.1622,8.7413,12.0372,254.0709,89.2759,15.3331,0.4299,136.8515,106.9018,91.712,921.7056,1089.6532,5978.9059,4.8722,3.1526,145.5928,299.0671,638.4015
16-Jul-23,0,11.68277778,9.7444,56.8901,191.3055,8.1681,6.1619,253.3544,80.5346,17.7692,0.1433,138.2845,109.4812,95.0079,862.0928,799.9006,5746.4733,4.4423,3.1526,164.5084,306.5187,641.6974
17-Jul-23,0,11.57222222,11.8939,58.4664,192.3086,6.8784,6.0186,252.9245,82.6841,15.1898,0.4299,139.001,109.3379,94.8646,834.2926,864.2423,5644.0138,5.5887,2.866,182.5642,307.5218,637.685
18-Jul-23,0,11.51947917,11.3207,57.32,193.3117,7.5949,8.0248,252.208,85.4068,15.9063,0.1433,135.5618,109.9111,96.5842,814.2306,1011.698,5454.1413,5.5887,2.7227,162.0723,309.528,635.3922
19-Jul-23,0,11.49857639,12.0372,54.8839,191.0189,6.7351,7.165,251.9214,81.2511,19.0589,0.4299,134.5587,108.908,97.0141,792.7356,1150.699,5272.8668,5.0155,3.0093,134.4154,295.3413,628.0839
20-Jul-23,0,11.46885417,8.3114,55.3138,194.4581,6.4485,8.598,250.0585,80.248,18.629,0.2866,140.0041,109.1946,98.877,779.8386,1274.9401,5098.7573,7.4516,5.8753,36.5415,290.899,632.2396
21-Jul-23,0,11.40694444,7.7382,54.0241,198.4705,8.0248,7.4516,245.6162,77.2387,17.0527,0.2866,135.9917,108.3348,79.3882,784.8541,1345.7303,4885.6702,6.1619,3.0093,27.8002,274.9927,625.0746
22-Jul-23,2.794,11.31486111,9.4578,55.7437,198.6138,6.1619,6.0186,242.6069,75.0892,17.7692,0.2866,135.5618,108.6214,62.1922,801.9068,1205.7262,4738.931,5.5887,3.0093,25.3641,268.4009,618.0529
23-Jul-23,0.254,11.19989583,6.7351,55.4571,191.4488,6.4485,7.3083,240.6007,74.6593,18.9156,0.2866,131.836,108.3348,63.052,785.7139,895.9116,4727.3237,5.4454,3.0093,21.2084,276.569,622.2086
24-Jul-23,0,10.78388889,11.0341,56.1736,191.3055,6.8784,9.3145,241.8904,77.9552,17.6259,0.1433,128.97,108.0482,66.7778,722.5186,873.9867,4773.1797,5.732,2.7227,20.3486,261.8091,621.3488
25-Jul-23,0,10.89048611,9.3145,57.8932,198.6138,5.732,8.1681,244.6131,81.3944,20.3486,0.4299,123.9545,108.3348,64.1984,679.0987,1004.2464,4570.6968,5.4454,2.866,17.3393,259.6596,620.2024
26-Jul-23,0,10.96138889,13.4702,57.1767,205.3489,6.5918,8.3114,245.3296,80.1047,19.6321,0.7165,130.1164,108.4781,63.4819,688.9864,1208.4489,4437.4278,6.0186,3.1526,16.3362,253.641,618.0529
27-Jul-23,0,10.96434028,16.4795,58.4664,197.3241,6.3052,7.0217,245.9028,79.5315,16.7661,0.2866,131.9793,108.6214,66.4912,710.4814,1285.401,4338.4075,6.3052,2.866,14.9032,251.3482,614.0405
28-Jul-23,0,10.94229167,14.0434,56.7468,197.8973,5.5887,8.7413,246.0461,72.2232,18.3424,0.2866,126.104,108.1915,63.052,698.0143,1182.6549,4420.5184,5.0155,3.1526,13.1836,241.3172,607.1621
29-Jul-23,0,10.92694444,8.598,57.1767,199.7602,4.4423,15.3331,247.0492,74.9459,19.3455,0.2866,127.1071,108.1915,69.0706,661.4728,1005.1062,4625.4374,5.5887,3.1526,47.1457,235.7285,593.9785
30-Jul-23,0,10.93552083,9.4578,57.8932,205.0623,4.5856,15.1898,248.7688,73.5129,18.629,0.4299,127.9669,108.0482,74.8026,629.3736,907.9488,4744.3764,4.7289,3.0093,53.8808,231.1429,608.3085
31-Jul-23,0,10.94041667,8.8846,57.6066,204.919,4.7289,13.3269,249.0554,104.3224,16.4795,0.1433,130.5463,107.6183,76.3789,618.4828,1033.7662,5078.4087,5.4454,2.7227,55.0272,222.4016,612.1776
1-Aug-23,0,10.92732143,8.3114,55.7437,205.0623,3.8691,14.7599,250.3451,119.9421,15.1898,0.2866,125.5308,106.9018,83.6872,599.4239,1080.6253,5037.1383,5.4454,3.0093,55.0272,212.6572,600.8569
2-Aug-23,0,10.89361111,7.8815,52.7344,206.0654,4.8722,15.763,248.4822,111.6307,14.9032,0.1433,124.671,106.4719,80.6779,583.231,1211.0283,4902.7229,4.4423,2.866,53.3076,205.9221,603.4363
3-Aug-23,0,10.90510417,8.3114,55.1705,206.352,4.0124,13.4702,247.1925,114.64,14.6166,0.1433,125.9607,106.042,83.8305,617.4797,1298.0114,4862.4556,5.0155,2.866,51.0148,193.8849,605.4425
4-Aug-23,0,10.87295139,10.6042,55.0272,208.0716,3.2959,14.7599,244.3265,105.8987,13.9001,0.1433,128.2535,106.042,77.0954,664.4821,1276.9463,4862.5989,5.3021,3.0093,50.8715,204.3458,601.1435
5-Aug-23,0,10.86388889,12.897,55.0272,206.352,3.7258,14.1867,247.7657,109.7678,13.3269,0.1433,128.5401,105.0389,77.6686,689.8462,1193.2591,4715.2865,4.8722,3.0093,60.3293,185.0003,594.4084
6-Aug-23,0,10.83315972,9.6011,55.4571,209.9345,4.299,15.9063,264.5318,115.2132,11.464,0.5732,123.6679,104.1791,69.5005,689.8462,1036.6322,4922.4983,5.1588,3.0093,64.9149,179.4116,592.9754
7-Aug-23,0,10.81479167,8.598,53.1643,210.2211,6.3052,13.6135,266.6813,116.9328,13.3269,0.1433,122.2349,104.0358,69.2139,693.7153,908.522,4806.282,5.4454,2.5794,62.1922,170.8136,597.2744
8-Aug-23,0,10.76927083,9.3145,54.0241,210.651,5.3021,15.6197,267.1112,114.3534,11.7506,0.2866,125.5308,102.8894,69.7871,688.9864,1022.1589,4782.7808,5.3021,3.2959,48.722,150.465,592.8321
9-Aug-23,0,10.73277778,11.3207,54.1674,213.2304,4.7289,13.6135,267.1112,112.2039,11.0341,0.1433,124.5277,102.4595,65.918,727.6774,1122.7555,4669.2872,4.4423,3.0093,47.0024,154.6207,594.2651
10-Aug-23,0,10.71017361,13.6135,55.0272,206.6386,6.4485,14.7599,266.6813,113.207,11.0341,0,122.8081,102.1729,63.7685,754.1879,1183.9446,4545.9059,4.4423,3.0093,54.1674,138.5711,588.8197
11-Aug-23,0,10.69361111,12.6104,57.7499,201.7664,5.3021,13.9001,266.538,113.7802,12.6104,0,126.3906,100.8832,67.2077,746.3064,1131.2102,4598.497,4.299,2.866,53.5942,118.2225,585.8104
12-Aug-23,0,10.64763889,12.1805,53.8808,203.9159,3.7258,14.9032,266.6813,116.9328,12.3238,0.2866,123.238,100.7399,69.6438,705.4659,1093.6656,4366.0644,3.8691,3.1526,64.1984,104.3224,572.7701
13-Aug-23,0,10.62229167,11.7506,52.7344,204.6324,5.3021,12.897,265.6782,112.6338,11.3207,0.2866,123.5246,103.8925,71.3634,664.4821,1065.1489,4181.0641,5.4454,2.866,55.7437,95.5811,584.0908
14-Aug-23,0,10.54579861,9.4578,51.3014,208.9314,5.4454,13.0403,265.105,112.0606,12.0372,0.2866,123.238,103.6059,70.5036,626.221,827.2709,4682.6141,4.4423,2.866,52.3045,91.4254,579.7918
15-Aug-23,0,10.39163194,11.0341,51.0148,214.95,3.7258,15.1898,266.3947,120.372,13.7568,0.1433,123.8112,103.7492,74.9459,566.1783,847.7628,4834.2255,4.1557,2.866,53.3076,66.4912,582.3712
16-Aug-23,0,10.28072917,7.0217,51.3014,219.3923,4.0124,14.0434,256.0771,121.6617,10.7475,0.1433,120.8019,104.1791,70.217,564.8886,1103.8399,4636.1849,4.299,3.0093,49.4385,50.8715,571.3371
17-Aug-23,0,10.2334375,4.7289,53.5942,217.5294,2.866,13.4702,250.9183,120.372,11.0341,0.2866,128.3968,104.0358,71.9366,594.8383,1181.6518,4687.1997,4.8722,2.866,50.8715,43.5632,572.6268
18-Aug-23,0,10.22166667,5.8753,52.4478,214.6634,4.0124,11.6073,249.9152,119.2256,10.1743,0.1433,119.5122,103.4626,67.9242,596.4146,1147.833,4826.6306,4.5856,3.0093,48.722,34.1054,572.3402
19-Aug-23,0,10.20100694,5.1588,53.3076,218.5325,4.5856,15.1898,248.9121,115.2132,9.7444,0.1433,121.805,103.4626,76.3789,577.3557,1130.0638,4663.9851,4.4423,3.2959,35.1085,31.526,563.4556
20-Aug-23,0,10.14895833,5.5887,51.588,219.8222,4.0124,12.7537,248.6255,115.7864,12.3238,0.5732,119.3689,103.7492,75.8057,562.7391,1073.4603,4625.724,5.3021,3.1526,22.4981,45.7127,562.4525
21-Aug-23,0,10.05128472,4.7289,52.1612,219.6789,2.5794,11.6073,246.9059,120.5153,10.6042,0.2866,121.9483,103.7492,71.0768,559.4432,974.44,4926.0808,4.1557,2.866,22.7847,40.2673,562.1659
22-Aug-23,20.066,9.925798611,5.8753,52.0179,223.2614,2.5794,14.1867,246.0461,115.7864,10.7475,0.1433,125.8174,103.6059,72.3665,639.8345,871.4073,5270.1441,4.5856,3.0093,24.5043,33.2456,566.4649
23-Aug-23,0,9.248993056,6.5918,50.155,219.5356,1.8629,13.4702,243.7533,116.6462,9.8877,0.1433,121.2318,103.8925,76.0923,575.2062,928.2974,5377.0459,4.8722,2.866,25.3641,31.0961,580.6516
24-Aug-23,0,9.207152778,6.8784,51.0148,222.8315,4.0124,14.33,243.3234,108.3348,11.0341,0.1433,123.3813,103.4626,72.6531,539.0946,988.0535,5510.7448,7.0217,4.1557,34.8219,28.8033,581.3681
25-Aug-23,0,9.389756944,6.5918,51.7313,221.3985,2.0062,15.6197,244.1832,102.7461,9.7444,0.1433,121.6617,103.0327,72.0799,553.7112,1057.2674,5679.6955,4.7289,3.0093,38.2611,24.5043,580.0784
26-Aug-23,0,9.631076389,7.5949,51.4447,222.115,3.8691,13.0403,246.0461,110.0544,10.7475,0.2866,125.3875,103.0327,70.6469,565.6051,1027.0311,5879.3124,5.1588,3.0093,37.9745,23.0713,570.7639
27-Aug-23,0,9.796180556,7.165,54.3107,223.548,3.5825,15.763,244.1832,113.0637,10.6042,0,124.9576,102.1729,62.4788,606.8755,1001.3804,5839.1884,5.5887,3.0093,40.6972,20.2053,573.9165
28-Aug-23,0,9.899236111,7.0217,52.7344,221.1119,3.8691,12.7537,242.8935,115.2132,10.7475,0,121.805,101.5997,61.3324,653.5913,810.3615,5805.5129,5.5887,3.0093,35.825,18.1991,573.0567
29-Aug-23,0,9.852430556,7.0217,52.1612,221.1119,2.1495,13.7568,243.4667,107.9049,10.4609,0.2866,120.8019,101.0265,58.753,636.252,760.0632,5499.5674,4.7289,3.1526,32.6724,16.0496,572.3402
30-Aug-23,0,9.8709375,6.1619,53.8808,222.2583,1.5763,14.1867,241.6038,109.0513,11.0341,0.2866,121.9483,100.7399,56.0303,618.6261,890.1796,5247.5027,5.0155,3.0093,40.8405,15.0465,565.1752
31-Aug-23,0,9.934895833,5.5887,53.021,217.3861,2.4361,15.763,241.1739,106.3286,9.8877,0,122.8081,100.4533,58.1798,621.7787,954.6646,5151.9216,4.8722,3.1526,42.4168,13.7568,565.8917
1-Sep-23,0,9.997361111,7.3083,53.8808,214.8067,1.1464,14.6166,234.7254,99.1636,10.1743,0.1433,117.9359,100.4533,61.7623,590.1094,1034.3394,4683.7605,4.5856,3.0093,42.99,10.4609,562.8824
2-Sep-23,0,10.07010417,6.7351,54.8839,225.5542,2.1495,11.3207,234.0089,104.1791,12.0372,0.2866,118.6524,101.3131,73.7995,549.1256,1055.6911,4420.0885,4.8722,3.2959,45.2828,8.0248,546.1163
3-Sep-23,0,10.15253472,6.3052,55.3138,233.1491,2.2928,15.4764,233.8656,102.3162,10.3176,0.1433,125.6741,102.7461,69.5005,555.7174,903.9364,4632.7457,4.7289,3.5825,45.9993,5.732,540.9575
4-Sep-23,0,10.29149306,5.5887,57.6066,232.8625,1.433,13.4702,233.2924,107.3317,9.7444,0.1433,124.2411,102.3162,65.918,597.1311,845.7566,4342.9931,5.4454,3.2959,49.4385,4.299,553.9978
5-Sep-23,0,10.43604167,4.5856,55.4571,222.9748,1.433,12.3238,231.5728,101.1698,8.3114,0.5732,119.7988,101.1698,63.1953,627.3674,681.1049,4686.9131,3.8691,3.0093,51.4447,4.1557,561.3061
6-Sep-23,0,10.50809028,5.3021,54.5973,225.5542,1.0031,12.6104,231.4295,98.3038,10.031,0,120.2287,100.5966,57.6066,580.7949,680.2451,4928.8035,5.3021,3.0093,51.7313,3.5825,560.0164
7-Sep-23,0,10.54496528,4.299,54.5973,231.5728,1.7196,14.6166,230.9996,98.5904,9.1712,0.1433,119.3689,99.5935,60.7592,563.8855,809.0718,4569.5504,5.5887,3.0093,53.021,3.1526,557.437
8-Sep-23,0,10.61092527,3.2959,54.3107,229.9965,0.8598,16.0496,229.5666,97.0141,9.0279,0.1433,120.2287,101.4564,58.4664,552.7081,848.7659,4745.6661,4.5856,3.0093,53.7375,2.7227,553.8545
9-Sep-23,4.318,10.65864583,3.4392,54.7406,230.2831,1.8629,12.4671,228.8501,90.9955,9.6011,0,122.9514,103.4626,61.0458,493.0953,819.9626,4501.053,4.7289,3.1526,53.5942,1.5763,546.8328
10-Sep-23,0,10.46479167,5.5887,54.5973,233.0058,1.433,13.6135,227.7037,93.0017,9.3145,0,120.372,103.0327,62.4788,462.859,783.851,4512.6603,4.299,2.866,57.0334,1.5763,550.1287
11-Sep-23,0,10.34902778,3.4392,55.1705,237.4481,1.7196,10.1743,225.9841,90.5656,8.8846,0.1433,118.939,103.4626,66.6345,444.5166,733.4094,4520.2552,3.7258,3.2959,55.7437,0.7165,552.5648
12-Sep-23,0,10.28517361,4.5856,54.8839,232.8625,1.7196,12.0372,225.5542,94.4347,9.3145,0,118.6524,103.3193,59.8994,451.2517,600.5703,4535.7316,4.299,3.0093,57.7499,0.5732,551.9916
13-Sep-23,0.508,10.25076389,5.0155,55.0272,238.8811,1.433,10.6042,225.8408,87.8429,8.3114,0,117.2194,103.176,62.3355,447.2393,694.0019,4390.8553,4.7289,3.2959,54.8839,0.2866,552.4215
14-Sep-23,0,10.18583333,5.4454,54.7406,235.2986,0.1433,13.1836,229.8532,89.5625,8.8846,0.1433,116.073,103.6059,61.9056,472.7467,744.8734,4522.8346,4.4423,3.0093,55.6004,0.2866,553.138
15-Sep-23,0,10.29965278,4.4423,54.454,232.4326,37.1147,11.0341,230.713,91.8553,8.1681,0,113.7802,104.4657,61.4757,484.6406,744.8734,4550.3482,4.5856,3.0093,57.1767,0,548.2658
16-Sep-23,0,10.29552083,4.7289,53.8808,234.7254,56.0303,10.1743,233.4357,87.5563,8.4547,0,117.506,104.3224,66.4912,465.4384,761.4962,4425.3906,3.8691,3.2959,58.1798,0,541.5307
17-Sep-23,0,10.26288194,4.1557,54.454,241.7471,54.7406,10.7475,235.7285,86.9831,9.1712,0.1433,116.073,103.7492,69.9304,445.5197,749.459,4357.0365,5.4454,3.1526,56.6035,0,545.3998
18-Sep-23,0,10.220625,5.5887,54.5973,243.8966,54.7406,9.1712,233.7223,91.2821,8.0248,0.1433,118.6524,103.6059,67.2077,464.4353,753.758,4304.3021,4.8722,3.2959,58.4664,0,550.4153
19-Sep-23,0,10.31565972,3.2959,56.0303,242.8935,54.5973,10.7475,244.6131,91.2821,7.5949,0,119.7988,103.3193,63.7685,527.7739,679.8152,4226.7768,5.1588,3.1526,57.8932,0,548.9823
20-Sep-23,0,10.38576389,4.7289,56.6035,240.4574,52.4478,9.7444,244.3265,87.2697,6.7351,0.1433,117.7926,102.3162,58.3231,605.8724,705.3226,4194.391,4.7289,2.866,55.0272,0,550.7019
21-Sep-23,0,10.49284722,3.1526,55.3138,235.5852,49.8684,9.0279,243.4667,88.846,6.7351,0.1433,116.2163,102.3162,56.1736,628.5138,668.7811,4262.8884,4.299,3.1526,53.8808,0,542.8204
22-Sep-23,0,10.55982639,3.7258,55.7437,238.1646,51.1581,10.6042,242.8935,86.1233,7.4516,0.1433,115.0699,102.0296,50.155,632.8128,730.2568,4164.7279,4.8722,3.4392,44.9962,0,541.2441
23-Sep-23,0,10.56135417,4.8722,57.1767,241.3172,51.4447,11.6073,243.3234,81.9676,6.8784,0.1433,121.6617,101.8863,53.1643,667.2048,890.3229,4071.7262,5.0155,3.5825,23.2146,0,539.5245
24-Sep-23,1.524,10.61538194,4.8722,58.1798,236.1584,49.5818,11.3207,241.8904,81.8243,5.8753,0.2866,122.2349,101.8863,50.5849,715.067,1113.2977,4042.6363,5.0155,3.2959,23.7878,0,540.0977
25-Sep-23,0,10.62378472,4.0124,56.1736,227.4171,47.1457,9.6011,240.3141,78.9583,7.165,0.4299,115.3565,101.4564,50.5849,705.4659,930.7335,4173.1826,5.0155,2.7227,25.6507,0,536.3719
26-Sep-23,0,10.36503472,4.5856,56.1736,236.1584,45.856,10.7475,241.8904,79.6748,7.165,0.1433,117.9359,102.1729,54.1674,648.5758,793.4521,4037.0476,5.1588,3.4392,25.0775,0,537.6616
27-Sep-23,0,10.25135417,5.0155,57.0334,234.5821,46.4292,9.7444,238.7378,81.681,5.3021,0,119.0823,102.8894,49.2952,654.881,896.4848,3866.6639,4.8722,3.4392,24.9342,0.8598,543.9668
28-Sep-23,0,10.0953125,3.4392,57.0334,232.5759,45.856,12.0372,236.5883,75.8057,6.0186,0.1433,120.0854,103.8925,52.7344,663.0491,971.2874,3859.9288,5.5887,3.2959,22.0682,0,553.2813
29-Sep-23,0,10.08993056,5.3021,57.8932,228.8501,44.423,12.3238,234.0089,82.3975,6.0186,0,115.0699,104.4657,52.8777,665.9151,1003.5299,3824.677,5.1588,3.4392,18.9156,0,545.3998
30-Sep-23,0,10.14944444,3.8691,57.32,227.5604,43.9931,11.0341,230.2831,84.1171,7.0217,0.1433,117.9359,104.7523,58.1798,647.716,1016.5702,3718.635,5.8753,3.4392,20.2053,0,533.3626
1-Oct-23,0,10.09986111,5.1588,55.887,226.5573,41.7003,11.7506,226.9872,79.6748,6.5918,0.2866,120.372,104.7523,61.0458,630.9499,1006.2526,3676.5048,5.4454,3.4392,20.2053,0,540.9575
2-Oct-23,0,10.05180556,4.5856,56.7468,227.1305,42.99,13.0403,222.4016,74.8026,7.3083,0.2866,116.5029,104.4657,58.4664,637.1118,974.8699,3615.0291,5.732,3.1526,18.629,0,539.6678
3-Oct-23,0,9.931909722,4.5856,57.7499,229.28,43.9931,12.3238,215.8098,78.5284,6.1619,0.1433,121.3751,105.4688,54.8839,663.3357,878.429,3581.3536,6.0186,3.2959,18.1991,0,540.5276
4-Oct-23,13.716,9.988715278,3.1526,56.6035,226.414,44.5663,9.4578,211.0809,82.3975,4.4423,0.1433,117.7926,106.9018,50.2983,687.9833,885.7373,3584.7928,7.165,5.5887,19.7754,0,534.2224
5-Oct-23,9.652,9.793645833,3.7258,53.8808,218.1026,40.8405,11.6073,180.7013,81.2511,6.8784,0,97.0141,106.3286,54.5973,690.1328,865.8186,3653.0036,5.4454,3.2959,16.6228,0,533.5059
6-Oct-23,0,9.023576389,5.3021,52.0179,221.6851,38.8343,9.7444,118.939,77.6686,7.3083,0.2866,95.4378,108.3348,65.4881,620.0591,898.9209,3564.0143,5.4454,3.1526,15.3331,0,528.9203
7-Oct-23,0,8.82375,2.2928,49.7251,218.3892,36.9714,8.598,94.8646,78.2418,7.8815,0.1433,97.5873,111.0575,68.3541,543.2503,873.1269,3614.026,5.1588,3.4392,14.4733,0,521.7553
8-Oct-23,0,8.571840278,2.2928,51.7313,225.8408,40.4106,10.3176,97.444,84.1171,7.4516,0.2866,104.3224,112.2039,65.3448,559.0133,945.6367,3561.7215,5.8753,3.7258,15.0465,0,526.3409
9-Oct-23,0,8.641388889,1.5763,55.1705,222.6882,43.7065,11.0341,96.8708,77.2387,5.4454,0.4299,101.4564,112.6338,60.0427,680.675,1001.3804,3388.6151,5.3021,3.2959,14.4733,0,531.7863
10-Oct-23,0.508,8.889236111,1.7196,61.4757,217.816,43.1333,11.6073,97.1574,75.0892,6.8784,0.2866,101.3131,112.9204,56.3169,758.2003,860.9464,3454.5331,5.4454,3.5825,14.7599,0,536.0853
11-Oct-23,0.254,8.717361111,1.7196,62.7654,218.9624,43.8498,8.7413,96.8708,76.5222,6.7351,0.2866,100.7399,113.207,56.7468,860.3732,892.4724,3422.2906,4.4423,3.0093,15.0465,0,539.5245
12-Oct-23,0,8.764722222,1.7196,60.6159,209.9345,43.7065,9.8877,96.8708,75.3758,6.3052,0.1433,100.7399,112.4905,58.8963,935.1758,884.7342,3502.3953,5.5887,3.0093,18.4857,0,540.5276
13-Oct-23,0,9.000902778,2.1495,57.6066,194.1715,38.691,9.1712,96.5842,68.6407,8.0248,0.1433,95.8677,111.6307,54.7406,938.615,812.511,3494.6571,4.7289,3.1526,19.9187,0,530.0667
14-Oct-23,0,9.180729167,2.2928,52.7344,192.022,35.825,10.031,95.8677,71.2201,7.7382,0.1433,95.5811,112.2039,69.7871,770.2375,661.0429,3508.4139,4.5856,3.1526,23.5012,0,530.3533
15-Oct-23,0,9.205833333,1.8629,49.8684,195.8911,34.2487,9.3145,97.0141,68.6407,8.3114,0.4299,98.877,112.9204,84.8336,660.1831,676.9492,3447.798,4.8722,3.1526,19.2022,0,542.8204
16-Oct-23,0,9.082152778,1.8629,48.0055,199.187,34.6786,10.1743,95.4378,64.9149,6.3052,0.4299,100.7399,113.207,92.8584,590.1094,683.541,3519.7346,5.1588,2.866,22.6414,0,550.8452
17-Oct-23,0,8.973541667,2.0062,49.1519,201.4798,37.258,9.8877,95.5811,65.7747,6.8784,0.1433,103.176,113.6369,93.5749,653.8779,749.8889,3402.2286,4.299,3.0093,22.4981,0,553.8545
18-Oct-23,0,9.010381944,2.0062,51.8746,200.3334,39.1209,9.7444,94.578,69.2139,6.7351,0.2866,100.0234,114.0668,86.2666,750.0322,859.9433,3347.2014,5.4454,3.1526,20.9218,0,556.4339
19-Oct-23,0,9.166736111,1.8629,50.8715,189.2993,37.258,8.7413,94.4347,60.6159,5.5887,0.1433,99.5935,113.3503,78.2418,783.7077,876.5661,3287.8752,4.299,2.866,23.0713,0,555.2875
20-Oct-23,0,9.248576389,2.1495,51.3014,195.3179,37.5446,12.7537,93.7182,57.4633,6.3052,0.4299,97.7306,113.9235,76.2356,800.3305,886.4538,3212.9293,5.3021,3.0093,24.6476,0,552.4215
21-Oct-23,0,9.392083333,2.7227,52.5911,193.0251,37.1147,10.3176,93.0017,59.3262,5.8753,0.2866,97.7306,113.0637,70.217,847.6195,898.0611,3401.942,4.8722,3.2959,23.3579,0,550.5586
22-Oct-23,4.318,9.592534722,1.8629,54.7406,194.7447,37.5446,11.1774,92.1419,62.3355,7.165,0.2866,96.5842,112.9204,67.6376,865.532,850.4855,3413.2627,5.1588,2.866,25.5074,0,548.2658
23-Oct-23,0.508,9.657534722,1.433,52.7344,193.0251,38.691,10.1743,92.2852,50.4416,6.1619,0,100.8832,112.2039,65.7747,874.7032,791.4459,3533.3481,4.5856,3.0093,26.6538,0,552.2782
24-Oct-23,7.62,9.385902778,2.0062,51.1581,189.0127,37.8312,11.3207,90.9955,51.3014,5.732,0.1433,97.3007,112.0606,63.9118,876.5661,681.3915,3472.4456,4.8722,3.0093,28.9466,0,550.272
25-Oct-23,0.254,9.334583333,1.7196,51.588,190.0158,37.8312,11.6073,90.5656,43.7065,6.5918,0.4299,97.1574,111.9173,65.3448,854.7845,558.0102,3522.4573,4.5856,2.866,30.2363,0,549.9854
26-Oct-23,19.05,11.77225694,2.0062,49.7251,187.723,36.3982,10.031,89.1326,45.2828,6.4485,0,96.8708,111.4874,66.0613,842.4607,615.7601,3488.3519,4.7289,3.0093,34.9652,0,546.1163
27-Oct-23,14.732,22.53052083,2.1495,47.8622,185.2869,35.6817,9.7444,88.2728,46.8591,6.4485,0.1433,92.2852,111.6307,71.7933,793.5954,628.9437,3435.9041,5.8753,2.866,36.3982,0,545.5431
28-Oct-23,3.302,25.19177083,2.0062,47.8622,195.4612,36.5415,13.0403,90.279,44.1364,6.7351,0.1433,92.2852,111.4874,77.2387,769.9509,760.923,3377.0078,5.1588,3.1526,36.8281,0.1433,546.2596
29-Oct-23,10.414,24.52107639,1.5763,47.4323,184.4271,36.1116,12.6104,89.2759,44.1364,8.3114,0.2866,91.2821,111.4874,74.6593,795.6016,763.6457,3411.2565,5.1588,3.2959,35.6817,0,560.4463
30-Oct-23,1.778,24.7821875,1.7196,43.7065,177.4054,31.6693,10.4609,88.7027,43.5632,7.0217,0,84.8336,112.6338,82.6841,635.2489,463.7188,3585.5093,4.4423,2.5794,35.5384,1.2897,571.4804
31-Oct-23,0,24.02371528,1.5763,43.7065,183.8539,30.6662,8.0248,87.6996,46.4292,7.0217,0.1433,82.5408,113.9235,92.5718,509.4315,375.5893,3590.6681,4.299,2.7227,33.9621,3.5825,583.5176
1-Nov-23,0,23.33420139,1.8629,44.7096,196.321,31.9559,8.7413,87.2697,46.4292,7.0217,0,89.4192,115.7864,102.4595,441.5073,382.0378,3578.201,4.8722,2.7227,31.8126,9.8877,590.396
2-Nov-23,0,22.96690972,1.5763,43.8498,202.7695,32.3858,6.7351,86.8398,44.2797,7.0217,0.4299,83.8305,116.9328,103.7492,552.2782,667.2048,3477.3178,4.5856,2.7227,30.2363,15.1898,597.8476
3-Nov-23,0,22.90621528,2.2928,47.1457,202.7695,30.2363,7.8815,85.98,46.5725,6.0186,0.1433,87.413,116.5029,101.3131,654.881,880.2919,3410.1101,4.4423,2.7227,31.526,17.196,597.2744
4-Nov-23,0,22.91559028,1.7196,48.1488,199.4736,31.6693,7.8815,85.5501,60.186,4.299,0.2866,85.4068,116.9328,98.1605,711.9144,995.6484,3402.8018,5.0155,2.5794,29.2332,18.3424,598.2775
5-Nov-23,0,22.91364583,1.7196,48.2921,195.4612,31.3827,8.1681,85.98,61.3324,5.732,0.2866,83.4006,116.7895,96.2976,755.191,1181.7951,3306.3609,4.299,2.5794,29.3765,18.3424,598.2775
6-Nov-23,0,22.86850694,1.5763,51.4447,194.1715,32.0992,6.5918,85.4068,68.3541,5.1588,0,87.5563,115.4998,89.9924,835.439,1275.9432,3247.3213,4.8722,2.866,26.6538,15.3331,599.8538
7-Nov-23,0,22.82458333,1.5763,54.8839,190.0158,32.3858,6.0186,84.6903,69.6438,7.0217,0.1433,84.9769,115.4998,82.5408,912.9643,1301.8805,3176.8177,5.4454,2.7227,27.9435,12.3238,596.7012
8-Nov-23,0,22.81430769,1.5763,57.1767,187.2931,33.2456,8.1681,83.5439,66.3479,6.7351,0.1433,88.7027,114.9266,76.5222,965.6987,1130.4937,3691.6946,5.4454,3.0093,27.3703,11.1774,593.9785
9-Nov-23,24.638,22.5922449,1.433,54.0241,178.6951,31.6693,7.0217,84.547,65.3448,5.5887,0.1433,84.6903,114.3534,73.9428,981.7483,862.666,3937.5974,5.1588,2.7227,27.227,10.3176,589.9661
10-Nov-23,0,25.385,2.0062,50.5849,174.2528,29.0899,6.7351,83.8305,62.1922,5.3021,0.1433,78.5284,113.0637,81.681,897.058,813.2275,3916.2457,4.5856,2.7227,25.3641,10.7475,587.53
11-Nov-23,5.08,24.77538194,1.5763,49.7251,177.5487,29.0899,5.732,84.547,61.0458,4.7289,0.2866,80.248,113.7802,93.145,813.2275,829.5637,4053.6704,5.1588,2.7227,25.5074,10.3176,585.9537
12-Nov-23,11.43,25.75041667,2.2928,48.0055,176.9755,28.9466,6.3052,84.2604,65.3448,6.7351,0.1433,83.2573,113.207,99.1636,769.6643,918.6963,4007.5278,5.0155,2.5794,18.7723,9.7444,591.5424
13-Nov-23,0,26.05607639,1.433,47.289,179.125,28.66,6.1619,84.547,62.0489,5.1588,0.2866,81.681,113.3503,104.0358,737.995,1053.6849,4006.2381,4.8722,2.866,19.6321,6.8784,590.8259
14-Nov-23,0,24.98944444,1.8629,48.722,180.558,29.6631,5.5887,84.6903,80.9645,5.4454,0.2866,83.2573,111.2008,104.4657,772.5303,1126.7679,4062.1251,5.8753,2.7227,20.4919,19.2022,599.7105
15-Nov-23,0,24.63638889,1.5763,48.5787,176.8322,30.3796,5.8753,83.6872,93.4316,6.1619,0,84.9769,110.1977,101.1698,822.8286,1056.9808,3975.4286,4.1557,3.1526,17.7692,61.9056,619.7725
16-Nov-23,0,24.47680556,1.433,50.5849,181.5611,30.6662,5.1588,83.6872,90.5656,6.0186,0.2866,87.9862,108.908,97.0141,866.5351,1199.7076,3972.4193,4.4423,2.5794,16.4795,117.6493,642.7005
17-Nov-23,0,24.38795139,1.8629,50.0117,174.9693,29.5198,6.0186,84.1171,93.4316,4.5856,0,92.1419,106.7585,85.1202,948.3594,1237.6821,4039.627,4.1557,2.866,14.1867,106.042,648.7191
18-Nov-23,0,24.4396875,1.2897,52.5911,170.0971,27.0837,4.7289,84.6903,83.6872,3.5825,0,92.1419,104.609,84.9769,925.718,1126.4813,4026.5867,4.299,2.866,15.763,107.9049,652.1583
19-Nov-23,2.286,24.1828125,1.7196,54.3107,180.8446,30.093,6.3052,84.8336,88.846,3.5825,0.1433,102.6028,105.0389,81.1078,974.1534,1355.3314,3881.7104,5.1588,3.0093,16.3362,110.0544,653.5913
20-Nov-23,0,24.08729167,1.2897,54.0241,161.4991,28.66,8.0248,85.4068,91.2821,3.0093,0,96.011,103.7492,68.9273,1089.9398,1311.9115,3817.7986,5.732,2.866,14.9032,103.176,650.8686
21-Nov-23,0,24.10190972,1.7196,49.8684,146.5959,24.361,4.5856,85.98,82.3975,3.1526,0.2866,84.4037,101.0265,78.6717,905.3694,749.6023,3979.1544,4.5856,2.866,13.0403,74.516,649.5789
22-Nov-23,0,23.75979167,2.0062,51.1581,169.3806,25.9373,5.0155,86.1233,88.4161,4.8722,0.2866,89.9924,101.1698,96.7275,781.5582,673.0801,3903.7786,4.7289,3.0093,13.1836,95.8677,646.9995
23-Nov-23,0.254,23.56045139,2.0062,53.8808,169.9538,26.3672,5.5887,86.4099,88.4161,4.299,0,95.5811,100.4533,89.9924,868.9712,1119.6029,3927.2798,4.4423,3.0093,12.3238,99.3069,648.2892
24-Nov-23,0,23.37295139,1.433,52.5911,162.5022,25.794,5.732,86.8398,87.413,3.2959,0.1433,95.0079,99.0203,88.5594,870.6908,1157.5774,4304.0155,5.1588,2.866,11.7506,74.3727,633.0994
25-Nov-23,0,23.43701389,2.4361,52.8777,173.5363,26.5105,3.0093,87.413,85.6934,5.0155,0,96.8708,98.5904,94.7213,863.3825,1295.0021,4270.34,5.732,2.866,10.1743,62.0489,631.953
26-Nov-23,0,23.42541667,2.5794,50.7282,155.1939,25.2208,6.4485,85.8367,91.4254,3.0093,0.1433,92.2852,96.7275,88.2728,855.9309,1244.5605,4339.5539,3.7258,2.5794,9.7444,57.1767,630.8066
27-Nov-23,0,23.31475694,2.4361,47.0024,160.3527,23.0713,5.732,86.4099,83.9738,4.4423,0.1433,86.4099,95.2945,98.5904,713.0608,1018.4331,4400.1698,5.0155,2.5794,8.8846,43.2766,622.3519
28-Nov-23,0,23.24253472,2.2928,44.5663,169.094,23.3579,4.4423,86.6965,85.6934,4.1557,0.1433,92.4285,94.8646,106.3286,646.1397,1005.966,4317.9156,5.4454,2.7227,9.6011,36.2549,616.6199
29-Nov-23,7.62,23.22576389,1.8629,48.5787,182.8508,26.6538,4.1557,86.8398,85.4068,4.4423,0.1433,91.9986,95.0079,105.0389,895.7683,1295.8619,4177.0517,4.5856,2.5794,9.6011,33.2456,623.0684
30-Nov-23,3.302,23.0078125,1.5763,54.454,186.8632,30.093,6.3052,85.2635,88.846,3.0093,0.1433,97.444,96.4409,87.8429,1381.9852,1628.3179,4617.126,5.1588,2.866,13.4702,31.526,622.4952
1-Dec-23,0,23.44479167,1.7196,53.1643,168.2342,26.0806,5.0155,84.6903,88.4161,2.866,0.1433,93.8615,95.2945,80.9645,982.7514,1417.3803,4750.6816,4.7289,2.7227,17.7692,25.9373,617.623
2-Dec-23,0,23.48854167,1.2897,52.4478,164.9383,25.794,4.4423,85.6934,84.4037,2.5794,0,93.0017,96.011,86.2666,891.326,1307.1826,4707.1184,4.8722,2.5794,16.9094,18.7723,609.8848
3-Dec-23,0,23.37385417,1.7196,53.4509,165.2249,24.5043,5.3021,84.8336,83.5439,2.7227,0,94.8646,97.0141,96.1543,826.6977,1215.4706,4638.1911,4.8722,2.5794,18.9156,15.4764,605.5858
4-Dec-23,0,23.30090278,2.1495,51.8746,161.2125,24.6476,5.1588,85.6934,82.5408,2.7227,0.1433,92.5718,96.5842,102.4595,780.8417,1065.0056,4582.734,4.299,2.5794,20.7785,15.4764,603.8662
5-Dec-23,0,23.16520833,2.1495,51.0148,161.6424,24.0744,6.5918,85.4068,78.9583,3.8691,0.2866,87.8429,96.2976,112.4905,694.2885,881.1517,4525.7006,5.1588,2.5794,19.4888,13.4702,599.2806
6-Dec-23,0,23.14180556,2.5794,47.0024,170.6703,24.0744,4.7289,86.9831,82.5408,6.5918,0.2866,94.0048,96.8708,120.372,600.5703,797.7511,4413.0668,10.8908,6.5918,19.4888,11.464,595.2682
7-Dec-23,0,23.08322917,1.433,52.5911,187.5797,27.5136,4.7289,87.1264,83.9738,6.3052,0,108.6214,98.5904,121.0885,691.9957,1415.5174,4274.9256,5.1588,2.7227,17.4826,5.5887,594.2651
8-Dec-23,0,23.24083333,2.0062,55.0272,179.4116,27.9435,5.3021,88.9893,83.9738,5.3021,0.1433,118.3658,99.3069,106.9018,818.8162,1632.0437,4206.7148,4.7289,2.7227,18.0558,5.3021,598.7074
9-Dec-23,0.508,23.23027778,2.1495,55.1705,155.1939,23.9311,4.8722,190.7323,80.1047,4.7289,0.1433,107.1884,98.7337,101.5997,853.0649,1482.4385,4162.0052,5.3021,2.5794,18.0558,5.5887,579.3619
10-Dec-23,0,23.04631944,2.4361,51.0148,164.6517,22.2115,4.8722,290.7557,81.3944,4.1557,0.2866,102.7461,99.4502,118.6524,617.623,1201.4272,4267.0441,4.8722,2.7227,16.4795,6.0186,587.6733
11-Dec-23,0,22.56118056,1.8629,53.3076,171.1002,23.6445,2.7227,295.6279,83.4006,5.5887,0.2866,105.1822,100.7399,123.9545,617.1931,1620.4364,4144.0927,5.5887,2.4361,15.4764,3.4392,585.9537
12-Dec-23,0,22.4084375,2.4361,50.2983,164.0785,22.4981,3.8691,296.0578,83.2573,5.4454,0.2866,99.0203,102.3162,127.3937,573.3433,1414.8009,4163.4382,4.299,2.5794,14.9032,3.4392,587.1001
13-Dec-23,5.842,22.40201389,2.1495,49.8684,167.5177,22.2115,2.4361,297.2042,80.248,5.4454,0,95.8677,104.4657,129.8298,499.2572,1148.6928,4168.1671,5.0155,2.5794,13.0403,2.4361,582.2279
14-Dec-23,0,22.22805556,1.8629,48.5787,176.4023,22.7847,4.299,299.497,82.1109,6.4485,0,93.2883,106.1853,133.4123,478.9086,1266.3421,4009.2474,4.1557,2.5794,12.897,1.7196,584.3774
15-Dec-23,7.874,22.22,1.433,51.7313,172.5332,24.6476,3.0093,299.0671,88.4161,5.4454,0.2866,88.5594,107.3317,129.1133,572.0536,1641.9314,4053.0972,4.299,2.5794,12.6104,1.5763,558.0102
16-Dec-23,0.254,22.48847826,2.7227,52.7344,170.8136,23.7878,3.8691,298.7805,100.0234,5.732,0.1433,90.8522,108.3348,128.2535,581.5114,1499.4912,4418.5122,5.3021,2.7227,15.1898,0.8598,572.1969
17-Dec-23,0,22.71297101,2.2928,54.7406,173.6796,25.2208,3.8691,298.7805,98.4471,4.299,0.1433,95.0079,110.4843,126.2473,636.9685,1672.7409,4298.7134,5.3021,2.7227,12.7537,0.5732,576.066
18-Dec-23,0,22.68370968,2.2928,54.1674,161.3558,23.6445,3.0093,298.3506,98.1605,5.732,0,82.8274,110.7709,119.0823,659.3233,1575.5835,4391.2852,4.5856,2.5794,12.897,0.2866,570.9072
19-Dec-23,0,22.69090278,2.0062,54.0241,169.5239,23.2146,3.4392,298.6372,95.0079,5.1588,0.2866,85.6934,111.3441,122.5215,623.6416,1580.4557,4554.074,5.4454,2.5794,11.6073,0.1433,567.7546
20-Dec-23,0,22.76796429,1.2897,54.7406,168.0909,23.5012,4.1557,299.2104,93.7182,5.732,0.2866,85.4068,111.774,120.372,665.6285,1579.0227,4486.8663,4.299,2.5794,11.6073,0,564.4587
21-Dec-23,3.302,22.80875,1.433,53.3076,166.9445,22.7847,4.4423,298.4939,94.8646,5.1588,0.2866,83.114,111.2008,120.8019,665.6285,1344.0107,4508.5046,5.0155,2.5794,10.8908,0,562.8824
22-Dec-23,0.254,22.70440972,1.5763,54.454,170.2404,23.6445,4.1557,297.6341,100.31,5.0155,0.1433,85.8367,111.0575,123.0947,692.9988,1360.0603,4542.61,4.5856,2.4361,12.0372,0,557.8669
23-Dec-23,13.462,22.85363296,2.0062,57.8932,177.692,25.6507,3.8691,297.3475,95.7244,5.3021,0.7165,94.7213,110.1977,125.9607,792.1624,1677.0399,4441.0103,5.0155,2.4361,13.7568,0.1433,551.9916
24-Dec-23,10.16,25.9553125,1.7196,60.186,169.2373,26.7971,4.299,295.6279,101.743,4.0124,0.4299,94.0048,109.7678,115.0699,940.048,1698.8215,4233.082,5.0155,2.5794,14.6166,0,557.5803
25-Dec-23,0,25.47003509,1.433,59.3262,154.3341,23.3579,3.2959,292.9052,92.5718,4.1557,0.1433,81.9676,107.6183,114.7833,903.7931,1489.1736,4476.692,5.1588,2.4361,14.0434,0.4299,564.7453
26-Dec-23,0,24.66088968,1.5763,59.0396,169.094,23.6445,4.1557,290.0392,98.877,4.4423,0.1433,88.5594,106.7585,123.6679,911.388,1544.3441,4382.9738,4.4423,2.7227,13.9001,1.8629,567.6113
27-Dec-23,0,24.37957746,1.5763,56.4602,163.6486,23.9311,4.0124,288.033,95.8677,4.1557,0.1433,88.2728,106.6152,125.8174,993.4989,1474.4137,4356.4633,5.4454,2.5794,16.3362,3.5825,574.9196
28-Dec-23,0,24.20681159,1.5763,55.887,161.929,23.2146,4.7289,285.3103,94.578,4.0124,0.1433,82.2542,105.6121,131.4061,745.16,1278.3793,4088.349,4.5856,2.5794,14.1867,4.8722,579.2186
29-Dec-23,0,24.06177083,1.7196,52.7344,161.929,22.928,4.0124,282.5876,92.1419,3.4392,0.1433,76.9521,104.7523,136.8515,124.2411,1139.235,4101.9625,4.4423,2.5794,14.6166,6.7351,568.4711
30-Dec-23,0,23.9146875,1.433,54.5973,169.5239,23.0713,4.8722,280.7247,91.712,4.0124,0,79.2449,104.7523,134.9886,74.9459,1494.3324,4046.0755,4.8722,2.4361,12.7537,8.7413,569.0443
31-Dec-23,0,23.88225694,1.433,56.0303,169.9538,24.0744,3.8691,277.8587,89.9924,4.5856,0,82.1109,104.1791,128.3968,308.5249,1605.3899,3900.0528,5.0155,2.7227,12.3238,9.3145,575.0629
1-Jan-24,0,23.92826389,1.5763,53.021,155.6238,22.2115,4.1557,274.4195,85.1202,5.0155,0,69.7871,103.176,126.8205,378.8852,1455.7847,4167.0207,5.732,2.7227,8.8846,12.3238,580.6516
2-Jan-24,20.574,23.75670139,1.1464,53.3076,171.2435,23.3579,3.0093,271.4102,85.2635,4.5856,0.2866,73.9428,102.4595,131.1195,501.2634,1664.7161,4149.3948,5.0155,2.4361,8.7413,8.8846,576.066
3-Jan-24,0,26.08270833,1.2897,51.588,160.6393,22.4981,3.5825,266.2514,85.6934,5.5887,0.1433,73.5129,101.5997,125.2442,505.7057,1653.3954,3953.7903,4.7289,2.866,7.3083,9.7444,577.499
4-Jan-24,5.842,24.96079861,1.433,55.887,165.3682,33.9621,3.5825,263.672,86.4099,5.732,0,79.1016,100.4533,124.3844,568.3278,1603.9569,3851.1875,5.1588,2.4361,8.4547,21.0651,590.9692
5-Jan-24,0.254,25.59270833,1.7196,58.0365,161.0692,53.3076,2.866,259.8029,84.547,5.1588,0.1433,85.4068,99.1636,114.4967,731.5465,1527.578,3727.3763,5.5887,10.7475,10.031,38.5477,600.7136
6-Jan-24,0,24.89243056,1.433,60.186,148.0289,62.9087,3.5825,254.6441,79.8181,3.5825,0.1433,75.2325,97.444,110.4843,743.2971,1552.0823,3679.2275,9.7444,30.8095,17.196,69.6438,609.7415
7-Jan-24,14.224,24.54576389,1.5763,59.0396,157.2001,63.4819,3.5825,250.775,84.1171,4.7289,0.2866,78.3851,96.4409,118.2225,672.077,1548.3565,3712.3298,9.7444,23.9311,23.6445,102.7461,616.9065
8-Jan-24,9.652,26.46472222,1.7196,62.9087,166.228,70.217,3.8691,246.0461,85.98,3.7258,0.4299,87.1264,96.8708,108.3348,780.6984,1637.0592,3670.3429,9.6011,6.4485,19.3455,147.7423,634.6757
9-Jan-24,0,25.40461806,1.5763,59.1829,144.1598,64.1984,3.7258,240.6007,77.6686,3.8691,0,72.3665,94.7213,99.1636,802.1934,1475.7034,3719.2082,20601.8111,47.5756,19.4888,546.8328,807.6388
10-Jan-24,0,24.74694853,1.7196,60.4726,159.3496,69.2139,4.0124,236.1584,80.1047,2.866,0.4299,115.4998,94.7213,101.4564,758.3436,1504.2201,3876.8382,34492.7399,82.8274,13.7568,699.4473,1090.3697
11-Jan-24,0,24.59623656,1.7196,63.6252,167.0878,73.6562,3.4392,230.8563,81.681,3.5825,0.2866,151.898,94.7213,93.7182,859.0835,1438.3021,3455.8228,32709.658,81.2511,15.1898,706.0391,1033.7662
12-Jan-24,0,24.71934028,2.5794,65.7747,142.0103,67.7809,4.0124,225.4109,81.8243,4.7289,0.4299,145.7361,92.5718,92.2852,888.6033,2509.8995,3611.5899,12556.5192,68.9273,16.4795,695.005,993.069
13-Jan-24,0,24.42256944,89.5625,63.7685,138.2845,54.0241,1.5763,184.4271,63.3386,2.7227,0.2866,133.9855,76.6655,87.5563,739.8579,4183.6435,3363.1077,146.166,2981.6431,11.3207,592.9754,825.1214
14-Jan-24,0,24.28697917,154.4774,79.2449,194.7447,58.4664,0.5732,217.2428,71.7933,4.1557,0.1433,157.2001,92.4285,112.2039,912.1045,5531.6666,4389.279,29.2332,576.3526,17.196,700.0205,1001.5237
15-Jan-24,0,23.84847222,171.6734,77.8119,207.0685,55.7437,0.4299,213.0871,68.6407,5.0155,0.1433,142.7268,93.4316,116.3596,865.3887,5382.4913,4528.9965,13.3269,6.0186,20.4919,684.1142,1014.2774
16-Jan-24,0,23.56350694,176.259,77.9552,216.9562,53.7375,0.5732,209.7912,70.3603,5.0155,0.4299,136.2783,94.2914,125.6741,704.1762,4942.8469,4870.767,7.3083,2.5794,21.7816,696.5813,1044.2271
17-Jan-24,0,23.43899306,205.4922,84.4037,248.9121,59.6128,1.0031,208.3582,73.3696,6.4485,1.1464,147.8856,96.011,131.6927,740.1445,4975.376,4944.2799,13.6135,9.4578,23.6445,681.3915,1034.0528
18-Jan-24,0,23.43090278,196.6076,84.547,224.6944,60.7592,0.7165,203.1994,72.0799,5.732,0.2866,155.3372,95.4378,122.9514,931.5933,5179.0053,4919.9189,5.4454,1.5763,22.928,681.3915,996.3649
19-Jan-24,0,23.62638889,37.4013,76.2356,203.7726,53.1643,0.4299,198.4705,65.0582,5.1588,0.4299,139.5742,96.011,122.5215,802.0501,5122.2585,4825.6275,4.1557,1.433,21.3517,666.345,990.203
20-Jan-24,0,23.48135417,13.9001,73.083,242.7502,51.3014,0.7165,196.0344,68.0675,6.1619,0.5732,142.7268,106.7585,138.2845,565.8917,5315.2836,4800.9799,3.8691,1.5763,20.062,655.8841,987.337
21-Jan-24,60.198,23.35072917,12.7537,70.7902,252.6379,53.3076,0.7165,192.3086,71.3634,5.8753,0.4299,140.434,108.6214,145.8794,647.4294,5223.7149,4628.8766,5.5887,2.2928,23.9311,642.2706,933.8861
22-Jan-24,26.416,35.11270833,834.1493,230.9996,493.2386,95.4378,946.9264,192.8818,72.3665,7.3083,0.4299,178.1219,108.3348,141.5804,922.4221,5131.4297,4534.012,7.7382,4.0124,21.6383,686.9802,886.5971
23-Jan-24,26.924,27.79875,2407.7266,636.5386,1446.3269,153.6176,8986.1997,190.8756,128.8267,81.2511,28.0868,302.7929,484.2107,128.1102,15843.8212,12534.7376,5885.1877,23659.2599,10057.7971,16.6228,742.4373,931.5933
24-Jan-24,27.432,34.8315625,2125.139,751.3219,1577.733,156.3403,18948.1291,189.5859,217.9593,425.601,34.1054,337.6148,1152.4186,145.3062,28729.3572,20654.2589,6294.5958,50494.1911,12344.5785,88.1295,773.9633,915.1138
25-Jan-24,0.254,33.87815972,5637.2787,7058.0982,3987.4658,180.2714,36324.6871,191.3055,325.291,1959.4842,40.6972,365.8449,2413.7452,347.3592,32106.0784,52660.1706,7111.979,28317.0831,9571.8668,297.7774,802.1934,922.2788
26-Jan-24,0,27.29253472,6794.7128,5499.9973,2786.8984,154.4774,23038.7709,201.9097,315.26,1646.9469,40.8405,343.92,2600.3218,514.0171,33176.6727,66129.6541,7335.9569,22655.3001,5817.5501,437.9248,802.7666,929.7304
27-Jan-24,0,26.50920139,3087.9717,427.3206,652.4449,96.5842,9809.8881,200.4767,240.744,1842.6947,40.9838,324.8611,2582.266,523.3316,29311.4418,63872.5358,7150.67,23495.8979,5232.7428,492.2355,813.6574,916.4035
28-Jan-24,0,25.83618056,1840.2586,204.919,522.3285,55.3138,9953.1881,201.7664,216.8129,2319.8837,33.6755,326.0075,2508.0366,522.3285,21645.1784,62127.5717,7308.8732,23746.0997,4759.1363,479.9117,798.8975,893.7621
29-Jan-24,0,25.47642361,1737.9424,177.2621,472.89,54.454,8504.5684,201.7664,198.4705,2335.0735,31.526,314.8301,2327.9085,522.4718,8742.0165,65391.2292,7393.8501,24348.8195,4535.445,471.3137,805.346,886.1672
30-Jan-24,0,25.34302083,1109.5719,161.929,448.2424,52.8777,8535.8078,208.5015,190.0158,2773.4282,29.2332,304.3692,2054.922,508.8583,7449.3072,61003.8131,7341.6889,24320.4461,4147.8185,428.1804,811.6512,891.6126
31-Jan-24,0,25.23861111,972.1472,151.3248,426.3175,46.7158,8296.4968,214.8067,171.2435,2807.1037,27.3703,294.0516,1942.4315,484.6406,4857.2968,62143.9079,7772.7353,24463.0296,3449.3743,356.2438,815.377,878.429
1-Feb-24,0,25.16017361,938.3284,142.0103,428.7536,44.9962,9147.9854,221.6851,167.5177,2716.2515,25.9373,285.4536,1713.2948,476.3292,9898.0176,63598.2596,7502.6148,25923.9731,2910.2797,289.0361,782.1314,875.563
2-Feb-24,19.812,25.17518519,950.079,140.5773,407.2586,45.856,10357.1508,225.1243,159.3496,1554.0885,24.6476,285.0237,1435.1495,464.5786,23706.5489,60946.3498,7384.3923,28558.1137,2308.1331,254.9307,774.1066,878.7156
3-Feb-24,0.254,27.42503546,835.0091,134.1288,376.1625,47.5756,12149.4039,214.3768,158.0599,748.8858,22.7847,273.2731,1263.1895,432.1928,26081.6031,54264.844,7592.1773,25242.0084,1911.1921,100.4533,784.7108,861.3763
4-Feb-24,0,26.40767361,1075.6098,158.0599,415.7133,47.5756,12452.0535,194.1715,159.063,426.8907,11.7506,270.1205,1118.1699,416.4298,21174.8678,57587.5411,7489.5745,27812.0939,1701.5442,94.578,774.6798,899.6374
5-Feb-24,0,25.83520833,1075.1799,140.7206,420.5855,40.5539,13347.9651,194.1715,153.331,431.1897,8.1681,264.5318,1008.5454,404.6792,11180.9825,55746.8526,7410.7595,27492.3916,1631.3272,80.6779,808.6419,953.3749
6-Feb-24,0,25.59208333,995.0752,133.6989,440.0743,41.1271,13906.4052,196.0344,160.0661,480.4849,7.3083,259.9462,1033.9095,401.5266,7029.2949,62387.8045,7310.0196,18540.154,1494.0458,63.052,799.7573,951.3687
7-Feb-24,0,25.49204861,988.9133,131.2628,439.6444,43.4199,13163.3947,196.321,159.6362,432.1928,7.3083,264.1019,1087.5037,392.0688,10497.4415,56185.6372,7089.9108,10940.6684,1361.35,46.4292,807.6388,938.9016
8-Feb-24,0,25.49604167,963.5492,126.9638,402.0998,40.4106,12982.8367,195.7478,156.4836,335.1787,4.7289,251.7781,1048.8127,382.7543,12517.9715,59634.7249,7060.1044,1044.0838,1379.979,13.1836,799.7573,946.9264
9-Feb-24,0,25.52427083,869.4011,121.9483,408.5483,42.1302,12940.2766,195.3179,157.2001,259.6596,5.5887,252.7812,1008.832,382.7543,11275.5605,58245.0015,7020.267,61.3324,537.375,11.6073,808.4986,933.3129
10-Feb-24,4.318,25.4928125,971.1441,119.5122,396.5111,42.7034,12918.6383,195.3179,155.0506,286.8866,5.8753,246.7626,959.8234,378.312,7378.8036,51960.4367,6842.7183,20.062,8.8846,36.8281,811.3646,929.8737
11-Feb-24,0.254,25.40052083,954.378,117.2194,352.2314,43.2766,11945.7746,195.8911,152.0413,219.3923,5.0155,238.3079,870.4042,370.0006,6031.497,56714.5575,6758.6012,15.1898,6.1619,43.7065,795.4583,916.6901
12-Feb-24,0,25.01725694,730.6867,127.1071,348.6489,38.9776,12133.4976,195.3179,145.0196,213.3737,4.7289,233.4357,809.5017,356.6737,9948.0293,54075.688,6659.151,10.1743,3.4392,20.7785,801.3336,908.0921
13-Feb-24,0,24.59568773,1056.2643,127.9669,367.8511,38.1178,12516.3952,194.3148,143.3,181.2745,5.4454,233.2924,804.3429,361.6892,16403.9809,45258.0091,6506.8231,7.0217,2.4361,20.062,821.8255,910.3849
14-Feb-24,0,24.40815972,784.4242,120.2287,358.5366,36.1116,12253.2964,191.5921,135.7051,200.3334,4.8722,221.6851,776.9726,365.5583,23087.6362,44980.0071,6461.9702,6.1619,3.5825,17.6259,797.8944,921.1324
15-Feb-24,0,24.41086806,825.2647,118.5091,357.8201,38.1178,12011.2627,190.7323,142.5835,168.9507,4.0124,218.1026,752.7549,365.8449,27389.5022,50043.3693,6929.4148,5.8753,2.4361,13.4702,829.707,922.2788
16-Feb-24,0,24.489375,523.045,117.9359,344.9231,37.8312,12535.1675,195.8911,141.1505,131.4061,6.1619,216.6696,726.3877,380.4615,30191.4471,45363.6212,7022.8464,5.732,3.1526,16.1929,824.1183,912.3911
17-Feb-24,0,24.14319444,559.5865,110.341,318.2693,34.5353,11525.9056,193.1684,136.8515,159.7795,3.4392,206.0654,693.1421,366.7047,34315.3345,44036.2333,7486.7085,4.1557,2.1495,15.9063,812.511,890.1796
18-Feb-24,0,23.35586806,443.3702,98.877,368.8542,35.2518,3984.7431,181.8477,146.8825,132.6958,3.5825,215.6665,663.7656,370.4305,37362.8956,44579.6269,7289.671,3.8691,2.1495,20.6352,809.7883,916.2602
19-Feb-24,0,22.74572917,349.9386,101.0265,352.2314,42.2735,1166.6053,322.8549,139.8608,132.4092,4.1557,212.084,611.7477,373.4398,40477.2345,45210.0036,7289.9576,3.1526,1.1464,20.3486,794.4552,906.0859
20-Feb-24,0,22.17381944,301.3599,95.8677,363.6954,39.8374,740.4311,400.2369,141.867,129.6865,2.0062,209.9345,554.2844,372.58,36117.9052,44158.3249,7329.5084,2.5794,1.1464,19.7754,770.3808,905.2261
21-Feb-24,0,21.60024306,298.6372,96.8708,358.8232,43.7065,725.9578,406.2555,145.5928,96.011,3.7258,213.0871,512.8707,363.982,35129.4218,45169.0198,7202.258,3.1526,1.1464,17.9125,781.8448,901.9302
22-Feb-24,0,20.77550505,281.0113,101.3131,329.3034,47.0024,729.5403,405.6823,142.0103,165.6548,2.7227,211.7974,470.7405,352.6613,21212.5557,44868.5197,7185.062,3.1526,1.5763,21.9249,769.9509,907.3756
23-Feb-24,0,19.285,301.7898,94.4347,297.6341,39.9807,715.7835,403.1029,135.1319,120.6586,2.0062,202.6262,405.8256,339.1911,9626.6074,43715.2413,6927.8385,3.5825,1.0031,20.6352,775.3963,884.7342
24-Feb-24,0,17.68229167,213.3737,77.0954,321.9951,39.5508,630.6633,398.9472,142.7268,108.3348,1.8629,210.9376,362.8356,333.0292,5728.4175,43933.4872,6951.483,2.7227,1.0031,18.4857,780.985,878.1424
25-Feb-24,0,16.41125,104.609,79.9614,327.0106,41.9869,624.9313,394.6482,136.8515,104.8956,1.0031,217.5294,342.0571,322.7116,5149.0556,43783.5954,6587.2144,2.7227,1.2897,19.3455,766.2251,873.2702
26-Feb-24,0,15.52704861,119.9421,87.6996,321.4219,41.557,656.314,393.6451,141.0072,88.1295,1.2897,213.517,308.2383,317.4095,5101.9099,43072.5408,6479.7394,2.866,0.8598,19.0589,742.0074,865.532
27-Feb-24,0,15.04055556,127.8236,91.9986,310.2445,40.2673,657.1738,388.1997,139.1443,115.9297,0.7165,212.5139,286.3134,310.8177,5046.8827,41990.3392,6702.2843,2.866,1.1464,21.2084,717.3598,861.5196
28-Feb-24,0,14.60302083,126.3906,89.1326,256.6503,38.4044,626.221,382.7543,125.5308,125.5308,0.1433,197.0375,260.3761,296.4877,6785.255,40298.3961,6760.894,2.7227,1.2897,21.2084,705.3226,845.47
29-Feb-24,0,13.96295139,147.7423,67.0644,323.858,37.1147,512.5841,377.5955,122.9514,104.609,0.4299,200.3334,257.7967,267.1112,8186.0125,40205.1078,6360.9437,2.5794,0.7165,17.196,658.8934,827.1276
1-Mar-24,0,13.55888889,118.939,61.1891,317.6961,34.2487,415.9999,370.4305,122.0916,96.8708,0.7165,201.9097,252.0647,232.146,7710.3998,39146.9806,5888.4836,2.7227,1.1464,18.4857,636.252,813.6574
2-Mar-24,0,13.33006944,213.8036,62.9087,310.961,35.9683,470.8838,366.848,122.9514,404.9658,0.4299,205.0623,234.2955,221.1119,7291.2473,38421.596,5654.9046,2.7227,0.8598,15.1898,597.2744,794.7418
3-Mar-24,0,13.18180556,206.4953,65.2015,305.3723,37.258,520.8955,362.8356,129.1133,397.3709,0.8598,207.785,217.3861,210.7943,6243.2944,35793.474,5286.9102,2.7227,0.7165,16.6228,577.6423,794.3119
4-Mar-24,0,13.05756944,221.2552,63.6252,295.0547,36.9714,568.6144,356.5304,126.6772,273.703,0.2866,206.352,210.3644,193.455,6176.9465,34462.0737,5140.8875,2.4361,0.8598,16.0496,537.2317,791.8758
5-Mar-24,0,12.88868056,223.548,65.7747,282.5876,35.3951,624.6447,348.219,118.939,171.6734,0.2866,200.7633,206.6386,190.7323,6173.0774,34879.22,4906.7353,3.1526,0.8598,16.4795,515.88,767.6581
6-Mar-24,0,12.55954861,254.2142,66.9211,277.5721,30.8095,567.3247,340.1942,118.5091,227.4171,0.2866,197.754,201.3365,177.1188,6587.9309,34039.3387,4660.8325,4.8722,3.0093,18.629,503.2696,760.4931
7-Mar-24,0,12.38649306,322.5683,65.7747,291.7588,32.6724,550.7019,333.0292,120.9452,340.9107,0.1433,200.9066,196.6076,170.8136,6195.5755,32487.2564,4298.2835,6.4485,2.4361,16.7661,487.6499,750.1755
8-Mar-24,0,12.2578125,455.4074,64.6283,258.5132,32.0992,540.3843,325.5776,114.0668,223.548,0.4299,201.4798,190.8756,162.0723,6245.014,28799.7175,4313.9032,6.7351,3.1526,12.1805,497.3943,741.1476
9-Mar-24,0,12.00729167,319.1291,63.9118,241.0306,28.66,456.9837,317.8394,112.4905,136.9948,0.5732,197.754,192.4519,155.0506,8092.151,24062.2195,4278.5081,5.8753,3.4392,13.6135,489.5128,718.9361
10-Mar-24,0,11.6828125,113.6369,66.3479,261.0926,26.5105,249.6286,309.9579,109.0513,204.4891,0.2866,197.754,195.6045,157.3434,8534.948,18688.0396,4506.0685,7.0217,2.5794,15.1898,485.9303,713.4907
11-Mar-24,0,11.50815972,85.2635,67.9242,269.404,27.227,178.4085,300.2135,103.8925,298.3506,0.4299,194.888,206.4953,155.7671,8127.8327,14194.1516,3879.2743,6.7351,3.0093,15.1898,461.8559,715.2103
12-Mar-24,0,11.48513889,93.5749,66.0613,280.4381,27.3703,177.8353,293.6217,105.4688,267.6844,0.7165,198.9004,207.785,149.7485,7047.2074,11841.4522,3600.9857,7.165,3.7258,15.0465,460.5662,714.6371
13-Mar-24,1.016,11.47329861,76.9521,66.2046,279.2917,26.9404,196.8942,286.4567,109.9111,286.3134,0.4299,204.4891,201.4798,141.1505,5982.9183,9910.628,3926.7066,8.0248,4.1557,16.0496,435.7753,715.3536
14-Mar-24,0.508,11.51381944,165.9414,65.4881,250.4884,27.6569,308.2383,278.5752,108.0482,176.259,0.4299,197.0375,196.4643,131.2628,5851.6555,8917.9889,3839.8668,8.3114,3.8691,14.7599,433.3392,714.4938
15-Mar-24,0.254,11.46888889,326.8673,67.9242,239.1677,26.6538,373.5831,270.837,99.3069,198.9004,0.5732,195.0313,192.7385,131.5494,6278.6895,8408.2708,3860.0721,7.165,4.0124,13.6135,428.8969,704.1762
16-Mar-24,16.002,11.40177083,210.651,65.918,266.3947,23.7878,422.3051,265.9648,106.3286,210.9376,0.5732,193.7416,188.8694,132.9824,5997.105,7777.8941,3991.7648,6.7351,4.0124,10.6042,385.477,700.3071
17-Mar-24,5.334,10.99357639,292.1887,66.3479,244.4698,23.2146,386.7667,260.806,115.9297,385.0471,0.1433,185.7168,187.0065,130.6896,5806.3727,7097.649,4102.2491,7.165,3.1526,10.4609,383.0409,697.4411
18-Mar-24,0,10.24375,190.7323,60.6159,226.5573,22.0682,186.5766,251.7781,109.4812,269.1174,0.5732,176.4023,192.5952,132.6958,5577.9525,7317.0413,4372.083,6.5918,2.7227,11.6073,369.714,685.1173
19-Mar-24,0,10.16111111,175.1126,59.6128,272.5566,21.7816,141.0072,243.1801,108.4781,158.7764,0.5732,181.5611,199.7602,133.8422,3662.4614,8770.3899,4657.6799,7.8815,2.866,9.8877,434.6289,698.3009
20-Mar-24,0,10.29253472,78.9583,60.6159,275.5659,22.928,143.1567,236.7316,105.1822,180.558,0.4299,178.4085,202.4829,132.4092,3458.9754,8769.2435,4474.9724,7.4516,3.4392,9.1712,421.0154,705.036
21-Mar-24,0,10.41090164,39.8374,61.3324,275.4226,30.9528,138.2845,233.7223,111.0575,213.8036,2.0062,185.1436,205.9221,131.6927,3426.0164,8210.8034,4261.3121,9.0279,7.8815,10.8908,402.5297,705.8958
22-Mar-24,5.334,10.49520833,49.4385,60.4726,244.4698,31.0961,130.6896,235.1553,106.4719,154.3341,0.1433,183.7106,208.6448,129.8298,3279.2772,7576.1277,4290.2587,7.165,4.1557,11.7506,386.6234,697.7277
23-Mar-24,0.254,10.93819444,52.3045,61.619,255.5039,30.093,135.8484,232.146,105.0389,136.8515,0.1433,182.7075,216.383,131.9793,3203.3282,7420.6472,4309.031,8.1681,3.4392,10.3176,387.7698,693.4287
24-Mar-24,0,11.14996528,73.7995,60.7592,295.4846,32.959,207.785,225.2676,109.0513,127.8236,0.2866,184.5704,216.5263,128.3968,3040.5394,6793.5664,4219.1819,8.0248,4.0124,9.7444,360.2562,694.0019
25-Mar-24,1.27,11.05052083,107.0451,59.4695,241.3172,33.3889,332.5993,220.3954,106.4719,95.1512,0.4299,186.29,214.5201,130.403,2897.0961,6101.714,4187.0827,7.7382,3.4392,9.0279,388.4863,687.4101
26-Mar-24,0,11.27430556,144.8763,57.0334,222.5449,31.9559,268.9741,214.0902,103.0327,97.8739,0.2866,185.5735,221.9717,133.9855,2968.3162,6362.8066,4349.7282,7.165,3.5825,8.7413,365.1284,677.2358
27-Mar-24,0,11.29975694,147.7423,59.7561,228.1336,31.3827,274.8494,208.0716,93.2883,140.0041,0.1433,174.5394,230.8563,135.7051,3036.2404,6851.7462,4217.7489,7.7382,3.1526,9.7444,349.0788,662.4759
28-Mar-24,0,11.17809028,126.104,56.8901,247.3358,29.9497,230.713,203.0561,102.6028,203.7726,0.1433,179.5549,239.5976,137.1381,2989.238,6551.2461,4108.411,7.4516,3.0093,7.8815,338.3313,663.479
29-Mar-24,0.254,11.34552083,87.5563,55.3138,263.5287,33.1023,241.1739,193.3117,101.743,167.9476,0.1433,175.6858,244.4698,135.9917,2585.5619,6044.1074,3847.3184,7.7382,2.866,8.7413,329.8766,672.077
30-Mar-24,0.254,11.41152778,76.3789,56.6035,250.4884,32.959,240.744,189.156,96.7275,138.5711,0.4299,185.1436,247.3358,134.1288,2544.5781,5994.9555,3732.1052,6.8784,3.1526,6.4485,328.8735,682.6812
31-Mar-24,0,11.31864583,80.8212,57.0334,256.3637,34.6786,252.208,188.0096,96.2976,123.238,0.1433,172.9631,247.4791,132.8391,2468.1992,6297.8917,3694.274,8.0248,3.2959,7.8815,302.0764,686.6936
1-Apr-24,0,11.31201389,84.6903,57.6066,259.373,35.6817,283.8773,187.5797,98.5904,149.3186,0.4299,183.1374,245.9028,130.8329,2336.7931,6284.9947,3544.6688,7.7382,3.1526,6.0186,304.2259,675.5162
2-Apr-24,0,11.26201389,94.2914,58.6097,212.9438,30.6662,240.4574,183.2807,94.2914,162.9321,0.1433,177.692,280.868,130.1164,2395.8327,5991.6596,3704.0184,6.3052,2.7227,7.165,292.0454,672.3636
3-Apr-24,0,11.11555556,110.1977,58.8963,240.0275,31.2394,189.2993,179.2683,94.8646,157.9166,0,177.5487,354.5242,133.1257,2434.3804,5839.475,3689.6884,7.165,2.5794,6.5918,288.1763,667.778
4-Apr-24,0.762,10.98427083,72.9397,58.0365,240.8873,32.0992,247.4791,229.7099,92.5718,150.7516,0.2866,177.1188,368.1377,131.4061,2395.8327,5939.6417,3611.0167,6.7351,3.4392,5.8753,291.4722,668.9244
5-Apr-24,0,10.93142361,57.1767,57.4633,245.043,33.3889,204.4891,231.2862,91.4254,129.5432,0.1433,175.2559,379.745,131.4061,2380.4996,6214.7777,3547.6781,7.5949,3.1526,5.1588,263.0988,663.0491
6-Apr-24,0,10.89503472,57.6066,57.32,258.9431,31.526,233.7223,230.9996,99.1636,304.0826,0.1433,175.5425,376.4491,130.403,2326.9054,6041.2414,3361.6747,6.5918,2.7227,7.5949,255.2173,668.2079
7-Apr-24,10.668,10.83857639,109.0513,58.3231,238.8811,34.392,222.2583,229.8532,91.712,247.4791,0,175.6858,371.7202,122.2349,2305.2671,5544.1337,3368.1232,7.3083,2.5794,6.0186,241.0306,657.1738
8-Apr-24,0,10.819375,93.8615,56.8901,255.074,37.1147,219.249,227.1305,93.7182,192.022,0.1433,180.2714,364.4119,108.908,2237.9161,4787.3664,3339.4632,7.3083,2.866,4.7289,228.2769,668.6378
9-Apr-24,0,10.82326389,82.6841,56.8901,259.5163,36.1116,278.1453,224.5511,92.4285,146.166,0.2866,177.9786,359.5397,108.6214,2116.8276,4625.0075,3231.5583,7.3083,2.5794,4.8722,237.3048,655.4542
10-Apr-24,0,10.62652778,77.6686,56.8901,210.3644,34.8219,218.6758,219.8222,91.712,150.0351,0.1433,174.1095,367.2779,112.9204,2164.8331,4652.2345,3392.1976,6.5918,3.7258,5.1588,230.2831,661.4728
11-Apr-24,0,10.56649306,77.2387,55.1705,217.2428,31.9559,132.2659,214.3768,93.0017,149.1753,0.1433,172.2466,379.745,107.1884,2043.6013,5051.0384,3453.2434,4.8722,2.866,5.4454,212.9438,653.1614
12-Apr-24,0,10.71684028,67.6376,52.1612,234.1522,33.2456,108.4781,208.5015,92.2852,175.1126,0.1433,169.5239,394.075,106.7585,1841.1184,5208.0952,3355.5128,7.3083,3.7258,3.7258,199.3303,650.2954
13-Apr-24,0,10.8915625,75.2325,54.7406,265.6782,34.2487,108.6214,204.6324,87.9862,168.9507,0.1433,171.3868,396.3678,109.1946,1797.9851,5272.8668,3297.7629,6.1619,4.0124,5.1588,194.6014,650.2954
14-Apr-24,0,10.99923611,68.784,56.1736,267.5411,37.5446,112.3472,199.3303,93.8615,213.0871,0.1433,168.9507,391.9255,108.4781,1839.6854,5401.1203,3267.0967,7.165,3.5825,3.5825,185.4302,653.0181
15-Apr-24,0,11.08871528,65.3448,56.0303,268.4009,35.825,108.1915,194.0282,91.1388,193.7416,0.1433,172.1033,382.3244,105.6121,1935.2665,5424.3349,3288.4484,7.165,2.866,4.299,183.5673,652.3016
16-Apr-24,1.524,10.99072917,68.2108,55.7437,239.8842,35.9683,94.4347,187.5797,92.5718,155.9104,0.2866,169.8105,374.1563,102.3162,2119.2637,5299.8072,3382.7398,6.8784,3.2959,3.4392,175.6858,647.2861
17-Apr-24,0,10.80260417,71.5067,52.7344,239.4543,35.1085,85.5501,180.8446,90.1357,145.7361,0.5732,166.3713,368.9975,97.8739,2168.9888,5237.9016,3335.5941,6.5918,3.1526,5.1588,163.9352,648.4325
18-Apr-24,0.254,10.81378472,59.0396,53.7375,234.2955,36.1116,85.6934,174.3961,91.4254,410.9844,0.4299,171.8167,362.9789,92.2852,2198.0787,5256.8172,3388.0419,6.7351,2.5794,3.7258,154.0475,644.4201
19-Apr-24,0,10.83048611,55.1705,54.8839,228.7068,35.2518,83.2573,168.0909,92.2852,367.7078,0.1433,166.5146,358.3933,92.1419,1915.4911,4717.7226,3387.612,6.5918,2.1495,3.4392,139.5742,639.8345
20-Apr-24,21.336,10.57454861,67.6376,55.0272,229.28,34.6786,79.9614,168.0909,90.1357,282.8742,0.2866,166.3713,354.3809,91.2821,1616.9972,3845.0256,3520.0212,6.3052,3.5825,3.7258,130.8329,639.2613
21-Apr-24,0,9.782673611,49.5818,52.7344,220.2521,48.4354,68.3541,160.7826,93.145,240.1708,0,160.0661,351.2283,91.4254,1238.3986,3567.8834,4770.8869,7.0217,2.866,4.1557,118.0792,633.8159
22-Apr-24,0,9.738298611,37.258,53.7375,248.9121,53.4509,68.3541,154.9073,92.7151,216.0964,0.2866,168.0909,348.9355,91.2821,1136.2257,4501.3396,5546.4265,6.4485,2.7227,4.1557,93.2883,635.8221
23-Apr-24,0,10.13618056,38.691,53.7375,250.4884,55.887,70.5036,148.3155,88.7027,233.8656,0.1433,163.362,339.621,89.1326,1277.0896,4773.8962,5926.0282,7.165,3.4392,4.299,99.3069,636.1087
24-Apr-24,0,10.40850694,39.9807,54.3107,242.0337,52.4478,66.6345,140.434,88.1295,342.6303,0,164.3651,330.0199,80.9645,1250.8657,4624.0044,6001.8339,6.7351,2.5794,4.8722,97.5873,633.2427
25-Apr-24,0,10.77652778,41.8436,56.3169,262.239,55.7437,71.9366,133.9855,86.6965,330.3065,0.1433,167.0878,319.2724,75.2325,1264.0493,4356.1767,6315.6609,6.5918,2.4361,4.4423,86.6965,632.2396
26-Apr-24,0,10.99409722,52.0179,56.4602,255.5039,57.32,79.8181,128.1102,88.1295,227.1305,0.1433,167.5177,302.7929,66.3479,1367.3686,4107.4079,6328.7012,7.0217,2.7227,4.1557,88.1295,630.2334
27-Apr-24,3.048,11.23736111,59.7561,60.3293,247.6224,57.32,75.6624,123.238,86.2666,207.785,0.4299,165.7981,289.466,57.8932,1382.7017,3436.1907,6273.1008,6.7351,2.5794,4.299,82.5408,631.2365
28-Apr-24,27.94,17.5378125,51.4447,63.1953,238.7378,54.8839,79.9614,117.0761,92.7151,221.1119,0,164.795,276.7123,54.5973,1373.9604,3171.8022,6069.6148,6.1619,2.5794,4.0124,71.3634,631.0932
29-Apr-24,0,24.14545139,50.155,62.4788,231.7161,52.5911,80.5346,109.3379,86.8398,253.641,0.2866,163.6486,265.2483,49.2952,1321.9425,3224.8232,6115.4708,7.165,3.1526,3.8691,221.5418,664.3388
30-Apr-24,0,23.73072917,44.8529,61.3324,241.7471,53.3076,85.1202,103.176,91.1388,352.3747,0.1433,162.0723,256.7936,49.8684,1262.473,3157.1856,5900.3775,6.8784,2.5794,3.8691,537.2317,750.1755
1-May-24,1.524,23.27284722,48.8653,59.6128,250.3451,53.8808,98.4471,97.7306,90.7089,347.7891,0.1433,166.6579,295.6279,48.0055,1285.8309,3440.0598,6003.5535,8.0248,3.8691,6.1619,698.7308,809.0718
2-May-24,5.588,22.61208333,42.5601,60.0427,236.3017,54.1674,143.3,91.1388,87.5563,264.2452,0,163.5053,343.3468,41.557,1311.3383,3539.7966,6370.6881,7.7382,3.7258,13.0403,748.1693,834.8658
3-May-24,1.016,22.36013889,46.5725,58.1798,227.9903,47.289,230.8563,82.5408,88.7027,257.3668,0.1433,159.6362,370.1439,38.9776,1284.2546,3810.2037,6359.2241,7.5949,3.4392,14.9032,735.5589,828.4173
4-May-24,3.81,22.69791667,44.9962,58.1798,241.8904,49.8684,256.507,77.2387,84.8336,446.8094,0.1433,159.7795,366.9913,39.5508,1234.6728,4562.8153,6423.8524,7.3083,3.5825,10.3176,727.5341,827.5575
5-May-24,0,23.56701389,43.1333,56.7468,233.2924,60.4726,283.1608,70.5036,86.9831,297.4908,0.2866,159.3496,361.116,39.9807,1254.4482,5305.3959,6221.9427,7.4516,2.4361,9.7444,717.6464,828.4173
6-May-24,0,24.09413194,41.7003,56.8901,248.6255,65.6314,318.5559,65.4881,88.9893,295.198,0,167.0878,358.1067,40.4106,1303.4568,5594.7186,6397.7718,7.4516,2.5794,9.1712,685.6905,817.8131
7-May-24,0,23.83430556,50.4416,57.0334,239.5976,62.7654,344.9231,65.3448,87.413,289.1794,0,161.929,350.9417,35.1085,1387.7172,5470.7641,6604.4104,6.7351,2.7227,8.0248,658.4635,807.3522
8-May-24,0,23.63111111,44.1364,59.4695,235.2986,63.4819,358.6799,60.4726,95.4378,378.5986,0.4299,161.6424,341.9138,32.2425,1483.8715,5305.8258,6471.5713,7.165,3.0093,8.7413,601.86,796.3181
9-May-24,0,23.44055556,52.3045,58.8963,224.8377,64.485,352.6613,55.887,94.1481,324.8611,0.2866,156.7702,334.4622,28.8033,1522.2759,5598.1578,6680.9326,7.5949,2.5794,6.8784,572.6268,778.4056
10-May-24,0,23.39506944,55.3138,58.3231,219.8222,62.3355,301.3599,51.7313,91.712,334.7488,0.5732,155.3372,330.4498,33.8188,1417.6669,5771.8374,6767.4858,7.3083,2.4361,8.7413,539.5245,759.7766
11-May-24,0,22.95774306,45.4261,58.0365,246.6193,76.9521,282.4443,47.289,90.8522,264.8184,0.4299,158.2032,331.5962,41.9869,1357.3376,5473.6301,6480.3126,6.0186,2.866,11.1774,528.0605,751.1786
12-May-24,0,22.64583333,44.1364,59.7561,255.5039,78.2418,283.8773,42.5601,97.3007,225.4109,0.4299,160.7826,328.157,39.9807,1425.5484,4719.5855,6755.7352,7.7382,3.8691,10.7475,498.2541,747.8827
13-May-24,4.826,22.35114583,55.3138,59.7561,237.5914,76.5222,249.9152,37.1147,88.9893,203.9159,0.5732,164.5084,320.7054,31.526,1472.2642,4294.4144,6710.3091,7.4516,2.866,7.165,461.2827,735.129
14-May-24,0,21.88347222,54.0241,58.8963,233.2924,75.6624,218.1026,32.6724,91.8553,190.3024,0.4299,159.7795,313.6837,29.8064,1428.5577,4388.9924,6889.1475,6.8784,2.4361,4.8722,445.9496,722.0887
15-May-24,0,22.04107639,52.8777,60.4726,244.7564,74.9459,193.8849,27.9435,90.279,167.2311,0.1433,157.63,307.8084,32.5291,1400.041,4290.5453,6806.4634,5.8753,3.2959,9.1712,424.0247,718.0763
16-May-24,0,21.90604167,26.2239,27.8002,109.6245,33.2456,80.8212,12.1805,40.6972,67.4943,0.1433,67.7809,132.2659,12.4671,623.7849,1849.1432,2966.5966,3.5825,1.1464,3.5825,182.1343,315.8332
